pages,title,url,domain,type
21,ופל בלגי בסגנון סמור'ז,https://www.shtrudel.net/smoreswaffel,www.shtrudel.net,web
21,קרמשניט ביס,https://www.shtrudel.net/bis,www.shtrudel.net,web
21,קרמשניט עם קרם קוקוס,https://foody.co.il/foody_recipe/%D7%94%D7%A7%D7%95%D7%A7%D7%95%D7%A1-%D7%A2%D7%95%D7%A9%D7%94-%D7%96%D7%90%D7%AA-%D7%91%D7%A9%D7%A0%D7%99%D7%AA-%D7%A7%D7%A8%D7%9E%D7%A9%D7%A0%D7%99%D7%98-%D7%A2%D7%9D-%D7%A7%D7%A8%D7%9D-%D7%A7/?utm_source=post&utm_id=faceb,foody.co.il,web
21,סינמון רול,https://www.shtrudel.net/cinnaroll,www.shtrudel.net,web
21,סינבון,https://www.shtrudel.net/bon,www.shtrudel.net,web
21,רוגלך,https://www.shtrudel.net/roga,www.shtrudel.net,web
21,מאפה האלים,https://www.instagram.com/reel/DBdIST0o88-/?igsh=ZWticmJnemhyc25i,www.instagram.com,social
22,לחמניות שוודיות ממולאות בפטל ופיסטוק,https://www.hashulchan.co.il/%D7%9E%D7%AA%D7%9B%D7%95%D7%A0%D7%99%D7%9D/%D7%9C%D7%97%D7%9E%D7%A0%D7%99%D7%95%D7%AA-%D7%A9%D7%91%D7%93%D7%99%D7%95%D7%AA-%D7%91%D7%9E%D7%99%D7%9C%D7%95%D7%99-%D7%A4%D7%99%D7%A1%D7%98%D7%95%D7%A7-%D7%95%D7%A4%D7%98%D7%9C/,www.hashulchan.co.il,web
22,שבלולי שמרים עם קינמון והל מהמטבח השוודי,https://foody.co.il/foody_recipe/%D7%A9%D7%91%D7%9C%D7%95%D7%9C%D7%99%D7%9D-%D7%A9%D7%95%D7%95%D7%93%D7%99%D7%99%D7%9D-%D7%A9%D7%9C-%D7%A7%D7%99%D7%A0%D7%9E%D7%95%D7%9F-%D7%95%D7%94%D7%9C-%D7%9E%D7%A7%D7%9E%D7%97-%D7%9B%D7%95%D7%A1/,foody.co.il,web
22,קיורטוש קרם וניל ואוכמניות,https://foody.co.il/foody_recipe/%D7%A7%D7%99%D7%95%D7%A8%D7%98%D7%95%D7%A9-%D7%A7%D7%A8%D7%9D-%D7%95%D7%A0%D7%99%D7%9C-%D7%95%D7%90%D7%95%D7%9B%D7%9E%D7%A0%D7%99%D7%95%D7%AA/,foody.co.il,web
22,מריטוצו קלאסי,https://foody.co.il/foody_recipe/%D7%9E%D7%A8%D7%99%D7%98%D7%95%D7%A6%D7%95-%D7%A7%D7%9C%D7%90%D7%A1%D7%99-%D7%9C%D7%97%D7%9E%D7%A0%D7%99%D7%99%D7%AA-%D7%91%D7%A8%D7%99%D7%95%D7%A9-%D7%90%D7%99%D7%98%D7%9C%D7%A7%D7%99%D7%AA-%D7%9E/,foody.co.il,web
22,מריטוצו שוקולד,https://foody.co.il/foody_recipe/%D7%9E%D7%A8%D7%99%D7%98%D7%95%D7%A6%D7%95-%D7%A9%D7%95%D7%A7%D7%95%D7%9C%D7%93-%D7%94%D7%99%D7%95%D7%95%D7%A0%D7%99%D7%9D-%D7%A2%D7%A9%D7%95-%D7%91%D7%A2%D7%99%D7%95%D7%AA-%D7%91%D7%95%D7%90%D7%95/,foody.co.il,web
22,ספוליאטלה,https://www.instagram.com/noa_einat/reel/DBguWiPoZs5/,www.instagram.com,social
22,סופגניית קרואסון פטיסייר,https://coralhota.co.il/recipes/%D7%A1%D7%95%D7%A4%D7%92%D7%A0%D7%99%D7%99%D7%AA-%D7%A7%D7%A8%D7%95%D7%90%D7%A1%D7%95%D7%9F-%D7%A4%D7%98%D7%99%D7%A1%D7%99%D7%99%D7%A8/,coralhota.co.il,web
22,Bala Baiana - ממתק ברזילאי,https://www.instagram.com/reel/DDc1x2jo7WS/?igsh=ZWM1aHVsbDlvaW5i,www.instagram.com,social
23,חיתוכיות לימון וגבינה ללא אפייה,https://foody.co.il/foody_recipe/%D7%94%D7%9B%D7%99-%D7%A7%D7%9C-%D7%94%D7%9B%D7%99-%D7%9E%D7%A8%D7%A2%D7%A0%D7%9F-%D7%97%D7%99%D7%AA%D7%95%D7%9B%D7%99%D7%95%D7%AA-%D7%9C%D7%99%D7%9E%D7%95%D7%9F-%D7%95%D7%92%D7%91%D7%99%D7%A0%D7%94/?utm_source=facebook&utm,foody.co.il,web
23,מילפיי ריבת חלב,https://www.shtrudel.net/ribat,www.shtrudel.net,web
23,פחזניות,https://www.shtrudel.net/puff,www.shtrudel.net,web
23,בייבי צ'ורוס,https://www.shtrudel.net/churros,www.shtrudel.net,web
23,לחם קופים מתוק ונתלש עם קינמון וסוכר חום,https://foody.co.il/foody_recipe/%D7%9C%D7%97%D7%9D-%D7%A7%D7%95%D7%A4%D7%99%D7%9D-%D7%9E%D7%AA%D7%95%D7%A7-%D7%A0%D7%AA%D7%9C%D7%A9-%D7%95%D7%9B%D7%99%D7%A4%D7%99-%D7%A2%D7%9D-%D7%A7%D7%99%D7%A0%D7%9E%D7%95%D7%9F-%D7%95%D7%A1%D7%95/,foody.co.il,web
23,מאפי דובוני שוקולד,https://www.instagram.com/maadanot_official/reel/CmlcD9eK3Vo/,www.instagram.com,social
23,טראפלס שוקולד מריר וחמאת בוטנים,https://www.facebook.com/watch/?v=319590580090816,www.facebook.com,social
23,פררו רושה,https://www.shtrudel.net/roche,www.shtrudel.net,web
24,כדורי רפאלו,https://www.facebook.com/watch/?v=830965260941617,www.facebook.com,social
24,כדורי עוגת גבינה במילוי פירות,https://www.ronyohananov.com/post/%D7%9B%D7%93%D7%95%D7%A8%D7%99-%D7%A2%D7%95%D7%92%D7%AA-%D7%92%D7%91%D7%99%D7%A0%D7%94-%D7%91%D7%9E%D7%99%D7%9C%D7%95%D7%99-%D7%A4%D7%99%D7%A8%D7%95%D7%AA,www.ronyohananov.com,web
24,נקניק שוקולד,https://www.ronyohananov.com/post/?????-??????-?-3-???????,www.ronyohananov.com,web
24,Chocolate Salami,https://www.olgasflavorfactory.com/recipes/russianrecipes/chocolate-salami/,www.olgasflavorfactory.com,web
24,שוגי ביתי,https://www.instagram.com/shaynzzz/reel/Cs3yaYjsD1N/,www.instagram.com,social
24,רוזלך,https://www.shtrudel.net/rozalach,www.shtrudel.net,web
24,Best Ever Chewy Brownies,https://handletheheat.com/chewy-brownies/,handletheheat.com,web
24,כדורי טירמיסו,https://foody.co.il/foody_recipe/%D7%9B%D7%93%D7%95%D7%A8%D7%99-%D7%98%D7%99%D7%A8%D7%9E%D7%99%D7%A1%D7%95-%D7%9E%D7%A9%D7%92%D7%A2%D7%99%D7%9D-%D7%A9%D7%A9%D7%95%D7%91%D7%A8%D7%99%D7%9D-%D7%90%D7%AA-%D7%94%D7%A8%D7%A9%D7%AA/,foody.co.il,web
25,מוס שוקולד מריר עם מלח ים אטלנטי,https://www.instagram.com/maayan.shtrudel/reel/CnwbbcMBxfg/?next=https%3A%2F%2Fwww.instagram.com%2Fp%2FCn9SiXyqU_S%2Fcomments%2F%3F__coig_login%3D1,www.instagram.com,social
25,Chocolate Mousse - Julia Child,https://www.bakedbyrachel.com/chocolate-mousse-julia-child/,www.bakedbyrachel.com,web
25,Lemon Velvet - An Awesome 3 Ingredient Lemon Mousse,https://www.flourandspiceblog.com/lemon-velvet-a-3-ingredient-wonder/,www.flourandspiceblog.com,web
25,נשנושי יוגורט לילדים,https://foody.co.il/foody_recipe/%D7%A0%D7%A9%D7%A0%D7%95%D7%A9%D7%99-%D7%99%D7%95%D7%92%D7%95%D7%A8%D7%98-%D7%9C%D7%99%D7%9C%D7%93%D7%99%D7%9D/,foody.co.il,web
25,חטיפי יוגורט,https://www.facebook.com/reel/825042025736275,www.facebook.com,social
25,חטיפי יוגורט בשוקולד,https://www.tiktok.com/@muller_il/video/7259391070340009224,www.tiktok.com,social
25,Creme Brulee At Home Without A Torch,https://www.monpetitfour.com/creme-brulee/,www.monpetitfour.com,web
25,Lavender Creme Brulee,https://www.monpetitfour.com/lavender-creme-brulee-2/,www.monpetitfour.com,web
26,מון בלאן,https://www.youtube.com/watch?v=ZiyMu2Lhryk,www.youtube.com,social
26,פטל קפוא מצופה שוקולד לבן וקורנפלקס,https://www.instagram.com/maayan.shtrudel/reel/CtqqYi-N-Pa/?next=%2Fjtabsny%2Ffeed%2F&hl=ja,www.instagram.com,social
26,פראנוי – פטל מצופה בשוקולד לבן וחלב,https://foody.co.il/foody_recipe/%D7%A4%D7%A8%D7%90%D7%A0%D7%95%D7%99-%D7%A4%D7%98%D7%9C-%D7%9E%D7%A6%D7%95%D7%A4%D7%94-%D7%91%D7%A9%D7%95%D7%A7%D7%95%D7%9C%D7%93-%D7%9C%D7%91%D7%9F-%D7%95%D7%97%D7%9C%D7%91/,foody.co.il,web
26,פטל מצופה בשוקולד חלב,https://www.instagram.com/dani.and.food/reel/Ctg_EdAoo57/,www.instagram.com,social
26,Apple Pop Tarts,https://parsleyandicing.com/apple-pop-tarts/,parsleyandicing.com,web
26,כוסות קראמבל דבש,https://www.bishulim.co.il/%D7%9E%D7%AA%D7%9B%D7%95%D7%9F/%D7%A7%D7%99%D7%A0%D7%95%D7%97-%D7%9B%D7%95%D7%A1%D7%95%D7%AA-%D7%A7%D7%A8%D7%90%D7%9E%D7%91%D7%9C-%D7%93%D7%91%D7%A9,www.bishulim.co.il,web
26,Melt-In-The-Mouth Cinnamon Pastry Hearts,https://www.italianrecipebook.com/cinnamon-pastry-hearts/,www.italianrecipebook.com,web
26,EASY French Hearts,https://www.flourandspiceblog.com/orange-sugar-palmiers/,www.flourandspiceblog.com,web
27,Cheese Balls topped with Pecans & Cranberries,https://joyofspanishcooking.com/cheese-balls-topped-with-pecans-cranberries/,joyofspanishcooking.com,web
27,Melindros (served with Hot Chocolate ),https://joyofspanishcooking.com/melindros-served-with-hot-chocolate/,joyofspanishcooking.com,web
27,Crunchy Delicious Hazelnut Sticks,https://www.flourandspiceblog.com/crunchy-delicious-hazelnut-sticks/,www.flourandspiceblog.com,web
27,סקונס קוואקר –מייפל פקאן,https://www.quaker.co.il/%D7%9E%D7%AA%D7%9B%D7%95%D7%A0%D7%99%D7%9D/%d7%a1%d7%a7%d7%95%d7%a0%d7%a1_%d7%a7%d7%95%d7%95%d7%90%d7%a7%d7%a8_%d7%9e%d7%99%d7%99%d7%a4%d7%9c_%d7%a4%d7%a7%d7%90%d7%9f,www.quaker.co.il,web
27,מיני פאי תפוחים עטוף בבצק עלים,https://www.instagram.com/reel/CdVEcIfIUX4/?igsh=MWlqMzB1bDhjZGgzZQ%3D%3D,www.instagram.com,social
27,קראמבל תפוחים,https://www.quaker.co.il/%D7%9E%D7%AA%D7%9B%D7%95%D7%A0%D7%99%D7%9D/%d7%a7%d7%a8%d7%90%d7%9e%d7%91%d7%9c_%d7%aa%d7%a4%d7%95%d7%97%d7%99%d7%9d,www.quaker.co.il,web
27,Strawberry Rhubarb Crisp,https://skandibaking.com/smuldrekage-med-jordbaer-og-rabarber-strawberry-rhubarb-crisp/,skandibaking.com,web
28,אגסים בטופי קרמל מלוח,https://www.facebook.com/watch/?v=417540616682437,www.facebook.com,social
28,תותים ממולאים עוגת גבינה,https://www.facebook.com/watch/?v=335159821793658,www.facebook.com,social
28,בננה ספליט באיירפריי,https://www.instagram.com/maayan.shtrudel/reel/Cf0yV8djPkz/,www.instagram.com,social
28,מאפה שקדים,https://www.instagram.com/maayan.shtrudel/,www.instagram.com,social
28,מאפה משמש וגבינת ברי הפוך,https://foody.co.il/foody_recipe/%D7%9E%D7%90%D7%A4%D7%94-%D7%9E%D7%A9%D7%9E%D7%A9-%D7%95%D7%92%D7%91%D7%99%D7%A0%D7%AA-%D7%91%D7%A8%D7%99-%D7%94%D7%A4%D7%95%D7%9A/,foody.co.il,web
28,תפוז ממולא בעצמו,https://www.instagram.com/lichtenstadt/reel/DDxOcwEMtIF/,www.instagram.com,social
28,פטיסייר בלימון,https://www.instagram.com/maayan.shtrudel/reel/C2VKsyyM9_n/,www.instagram.com,social
28,Lemon Posset,https://www.instagram.com/cafecouffee/reel/CtROtPbI1kv/,www.instagram.com,social
28,cafecouffee,https://www.instagram.com/cafecouffee/,www.instagram.com,social
29,Earl Grey Biscuits,https://blog.britishcornershop.co.uk/2017/04/3021/,blog.britishcornershop.co.uk,web
29,Homemade Tostada Shells,https://www.isabeleats.com/homemade-tostada-shells/,www.isabeleats.com,web
29,"Sweet, Savory, and Spicy Empanadas",https://muybuenocookbook.com/sweet-savory-spicy-empanadas/,muybuenocookbook.com,web
29,Mini Tortillas with Ricotta Cheese and Grilled Peaches,https://muybuenocookbook.com/mini-tortillas-with-ricotta-cheese-and-grilled-peaches/,muybuenocookbook.com,web
29,Dessert Taco Shells,https://muybuenocookbook.com/dessert-taco-shells/,muybuenocookbook.com,web
30,מאפינס דובדבן,https://www.shtrudel.net/duvdevan,www.shtrudel.net,web
30,מאפינס שוקולית,https://www.shtrudel.net/shokolit,www.shtrudel.net,web
30,מאפינס סוכר וקינמון,https://www.youtube.com/watch?v=FyA_UfvnTWc,www.youtube.com,social
30,קאפקייק ביצת עין -משמש,https://foody.co.il/foody_recipe/%D7%A7%D7%90%D7%A4%D7%A7%D7%99%D7%99%D7%A7-%D7%91%D7%99%D7%A6%D7%AA-%D7%A2%D7%99%D7%9F-%D7%96%D7%94-%D7%A8%D7%A7-%D7%A0%D7%A8%D7%90%D7%94-%D7%9B%D7%9E%D7%95-%D7%91%D7%99%D7%A6%D7%94/,foody.co.il,web
30,Cinnamon Coffee Cake Muffins,https://www.isabeleats.com/cinnamon-coffee-cake-muffins/,www.isabeleats.com,web
30,"מאפינס שיבולת שועל עם אוכמניות , גבינה לבנה וקינמון",https://www.quaker.co.il/%D7%9E%D7%AA%D7%9B%D7%95%D7%A0%D7%99%D7%9D/%d7%9e%d7%90%d7%a4%d7%99%d7%a0%d7%a1_%d7%a9%d7%9c_%d7%91%d7%95%d7%a7%d7%a8_%d7%a2%d7%9d_%d7%a7%d7%95%d7%95%d7%90%d7%a7%d7%a8_%d7%90%d7%95%d7%9b%d7%9e%d7%a0%d7%99%d7%95%d7%aa_%d7%92%d7%91%d7%25,www.quaker.co.il,web
30,מאפינס תפוזים,https://foody.co.il/foody_recipe/%d7%9e%d7%a8%d7%99%d7%97%d7%99%d7%9d-%d7%a4%d7%a8%d7%93%d7%a1-%d7%91%d7%90%d7%95%d7%95%d7%99%d7%a8-%d7%9e%d7%90%d7%a4%d7%99%d7%a0%d7%a1-%d7%aa%d7%a4%d7%95%d7%96%d7%99%d7%9d-%d7%9e%d7%95%d7%a9%d7%9c/,foody.co.il,web
31,מאפינס תותים,https://www.essyroz.com/strawberry-muffins/,www.essyroz.com,web
31,Strawberry Orange Muffins,https://www.olgasflavorfactory.com/recipes/strawberry-orange-muffins/,www.olgasflavorfactory.com,web
31,מאפינס בננה אוכמניות,https://www.instagram.com/reel/CoW6Sg8DrJy/?utm_source=ig_embed&utm_campaign=loading,www.instagram.com,social
31,מאפינס אוכמניות,https://foody.co.il/foody_recipe/%d7%9e%d7%90%d7%a4%d7%99%d7%a0%d7%a1-%d7%90%d7%95%d7%9b%d7%9e%d7%a0%d7%99%d7%95%d7%aa-%d7%9b%d7%9e%d7%95-%d7%91%d7%a9%d7%95%d7%95%d7%a7%d7%99%d7%9d-%d7%a9%d7%9c-%d7%90%d7%a0%d7%92%d7%9c%d7%99%d7%94/,foody.co.il,web
31,מאפינס אוכמניות,https://www.facebook.com/watch/?v=587660423830641,www.facebook.com,social
31,מאפינס אוכמניות,https://www.instagram.com/reel/C7t7tF8NUZb/?igsh=Mjl6dDF3cW5wOTJq,www.instagram.com,social
31,קאפקייקס אוכמניות וקצפת,https://www.eyalrevah.com/post/blueberry-cupcakes,www.eyalrevah.com,web
31,Lemon Blueberry Muffins,https://sallysbakingaddiction.com/lemon-blueberry-muffins/,sallysbakingaddiction.com,web
32,מאפינס בננה ושוקולד צ' יפס מקמח כוסמין,https://maimons.co.il/recipes/%D7%9E%D7%90%D7%A4%D7%99%D7%A0%D7%A1-%D7%91%D7%A0%D7%A0%D7%94-%D7%95%D7%A9%D7%95%D7%A7%D7%95%D7%9C%D7%93-%D7%A6%D7%99%D7%A4%D7%A1-%D7%9E%D7%A7%D7%9E%D7%97-%D7%9B%D7%95%D7%A1%D7%9E%D7%99%D7%9F/,maimons.co.il,web
32,מאפינס קוואקר ובננות,https://www.quaker.co.il/%D7%9E%D7%AA%D7%9B%D7%95%D7%A0%D7%99%D7%9D/%d7%9e%d7%90%d7%a4%d7%99%d7%a0%d7%a1_%d7%a7%d7%95%d7%95%d7%90%d7%a7%d7%a8_%d7%95%d7%91%d7%a0%d7%a0%d7%95%d7%aa,www.quaker.co.il,web
32,Magdalenas (Muffins),https://joyofspanishcooking.com/magdalenas/,joyofspanishcooking.com,web
32,מאפינס בננה שוקולד צ'יפס,https://foody.co.il/foody_recipe/%D7%91%D7%A0%D7%A0%D7%95%D7%AA-%D7%90%D7%99%D7%A9%D7%99%D7%95%D7%AA-%D7%9E%D7%90%D7%A4%D7%99%D7%A0%D7%A1-%D7%91%D7%A0%D7%A0%D7%94-%D7%95%D7%A9%D7%95%D7%A7%D7%95%D7%9C%D7%93-%D7%A6%D7%99%D7%A4%D7%A1/,foody.co.il,web
32,מאפינס בננה שוקולד,https://danielamit.foody.co.il/foody_recipe/%D7%9E%D7%90%D7%A4%D7%99%D7%A0%D7%A1-%D7%91%D7%A0%D7%A0%D7%94-%D7%A9%D7%95%D7%A7%D7%95%D7%9C%D7%93-%D7%9E%D7%AA%D7%9B%D7%95%D7%9F-%D7%A7%D7%9C-%D7%95%D7%9E%D7%95%D7%A9%D7%9C%D7%9D-%D7%9C%D7%90%D7%95/,danielamit.foody.co.il,web
32,מאפינס דבש,https://www.shtrudel.net/honeymuf,www.shtrudel.net,web
32,מאפינס גזר עם דבש מתובל,https://foody.co.il/foody_recipe/%d7%9e%d7%90%d7%a4%d7%99%d7%a0%d7%a1-%d7%92%d7%96%d7%a8-%d7%a2%d7%9d-%d7%93%d7%91%d7%a9-%d7%9e%d7%aa%d7%95%d7%91%d7%9c-%d7%9c%d7%94%d7%aa%d7%97%d7%99%d7%9c-%d7%90%d7%aa-%d7%94%d7%91%d7%95%d7%a7%d7%a8/,foody.co.il,web
32,מאפינס תפוחים וקינמון,https://foody.co.il/foody_recipe/%d7%9e%d7%90%d7%a4%d7%99%d7%a0%d7%a1-%d7%aa%d7%a4%d7%95%d7%97%d7%99%d7%9d-%d7%95%d7%a7%d7%99%d7%a0%d7%9e%d7%95%d7%9f-%d7%a9%d7%9c-%d7%a9%d7%99-%d7%9c%d7%99-%d7%9c%d7%99%d7%a4%d7%90/?auto=1,foody.co.il,web
33,Apple Muffins with Streusel Topping,https://www.monpetitfour.com/apple-muffins/,www.monpetitfour.com,web
33,מאפינס תפוח שיבולת עבה וקינמון,https://www.shiriamit.co.il/post/%D7%9E%D7%90%D7%A4%D7%99%D7%A0%D7%A1-%D7%AA%D7%A4%D7%95%D7%97-%D7%A9%D7%99%D7%91%D7%95%D7%9C%D7%AA-%D7%A7%D7%99%D7%A0%D7%9E%D7%95%D7%9F,www.shiriamit.co.il,web
33,כוסות תפוחים במילוי דייסת קוואקר אפויה,https://www.quaker.co.il/%D7%9E%D7%AA%D7%9B%D7%95%D7%A0%D7%99%D7%9D/%d7%9b%d7%95%d7%a1%d7%95%d7%aa_%d7%aa%d7%a4%d7%95%d7%97%d7%99%d7%9d_%d7%91%d7%9e%d7%99%d7%9c%d7%95%d7%99_%d7%93%d7%99%d7%99%d7%a1%d7%aa_%d7%a7%d7%95%d7%95%d7%90%d7%a7%d7%a8_%d7%90%d7%a4%d7,www.quaker.co.il,web
33,מאפינס פיצה,https://foody.co.il/foody_recipe/%d7%9e%d7%90%d7%a4%d7%99%d7%a0%d7%a1-%d7%a4%d7%99%d7%a6%d7%94-3/?auto=1,foody.co.il,web
33,מאפינס פיצה עם קוואקר,https://www.quaker.co.il/%D7%9E%D7%AA%D7%9B%D7%95%D7%A0%D7%99%D7%9D/%d7%9e%d7%90%d7%a4%d7%99%d7%a0%d7%a1_%d7%a4%d7%99%d7%a6%d7%94_%d7%a2%d7%9d_%d7%a7%d7%95%d7%95%d7%90%d7%a7%d7%a8,www.quaker.co.il,web
33,מאפינס בריאות מלוחים עם עשבי תיבול,https://foody.co.il/foody_recipe/%d7%9e%d7%90%d7%a4%d7%99%d7%a0%d7%a1-%d7%91%d7%a8%d7%99%d7%90%d7%95%d7%aa-%d7%a2%d7%a9%d7%91%d7%99-%d7%aa%d7%99%d7%91%d7%95%d7%9c/,foody.co.il,web
33,מאפינס גבינות,https://www.shtrudel.net/cheesemuff,www.shtrudel.net,web
33,קיש בטטה אישי,https://www.shtrudel.net/batata,www.shtrudel.net,web
34,מאפינס תירס,https://www.shtrudel.net/tiras,www.shtrudel.net,web
34,מאפינס תירס,https://www.quaker.co.il/%D7%9E%D7%AA%D7%9B%D7%95%D7%A0%D7%99%D7%9D/%d7%9e%d7%90%d7%a4%d7%99%d7%a0%d7%a1_%d7%aa%d7%99%d7%a8%d7%a1,www.quaker.co.il,web
35,עוגיות אנזק,https://foody.co.il/foody_recipe/%D7%A2%D7%95%D7%92%D7%99%D7%95%D7%AA-%D7%90%D7%A0%D7%96%D7%A7-%D7%92%D7%99%D7%91%D7%95%D7%A8%D7%95%D7%AA-%D7%90%D7%95%D7%A1%D7%98%D7%A8%D7%9C%D7%99%D7%95%D7%AA-%D7%9C%D7%90%D7%95%D7%9E%D7%99%D7%95/,foody.co.il,web
35,Cowboy Cookies,https://muybuenocookbook.com/cowboy-cookies/,muybuenocookbook.com,web
35,"עוגיות שיבולת שועל , טחינה ותמרים",https://foody.co.il/foody_recipe/%D7%A2%D7%95%D7%92%D7%99%D7%95%D7%AA-%D7%A9%D7%99%D7%91%D7%95%D7%9C%D7%AA-%D7%A9%D7%95%D7%A2%D7%9C-%D7%98%D7%97%D7%99%D7%A0%D7%94-%D7%95%D7%AA%D7%9E%D7%A8%D7%99%D7%9D-%D7%A9%D7%9B%D7%99%D7%99%D7%A3/,foody.co.il,web
35,עוגיות שיבולת שועל,https://magazine.shufersal.co.il/%D7%94%D7%9E%D7%92%D7%96%D7%99%D7%9F-%D7%A7%D7%95%D7%9C%D7%99%D7%A0%D7%A8%D7%99/%D7%94%D7%A8%D7%A9%D7%99%D7%9E%D7%95%D7%AA-%D7%A9%D7%9C-%D7%90%D7%9E%D7%90/%D7%A2%D7%95%D7%92%D7%99%D7%95%D7%AA-%D7%A9%D7%99%D7%91%D7%95%D7%9C%25,magazine.shufersal.co.il,web
35,Oatmeal Cranberry White Chocolate Cookies,https://www.monpetitfour.com/oatmeal-cranberry-white-chocolate-cookies/,www.monpetitfour.com,web
35,Oatmeal Chocolate Chip Cookies,https://www.bakedbyrachel.com/soft-and-chewy-oatmeal-chocolate-chip-cookies/,www.bakedbyrachel.com,web
35,עוגיות שוקולד לבן ושיבולת שועל,https://foody.co.il/foody_recipe/%D7%AA%D7%A0%D7%A1%D7%95-%D7%95%D7%AA%D7%91%D7%99%D7%A0%D7%95-%D7%A2%D7%95%D7%92%D7%99%D7%95%D7%AA-%D7%A9%D7%95%D7%A7%D7%95%D7%9C%D7%93-%D7%9C%D7%91%D7%9F-%D7%95%D7%A9%D7%99%D7%91%D7%95%D7%9C%D7%AA/,foody.co.il,web
36,Havrekiks,https://skandibaking.com/havrekiks-oat-shortbread-cookies/?fbclid=PAAaaCqZ506MNermk6cwC2yQLrThKhpLnT62CyuD4-nNYTAyDoUMtPxa-1DRc,skandibaking.com,web
36,עוגיות שיבולת שועל מלוחות,https://www.mako.co.il/food-cooking_magazine/bakes_from_home/Recipe-01f9e102668de71027.htm,www.mako.co.il,web
36,"מלכות הט"" ו בשבט שלכם - עוגיות שיבולת שועל עם בננה ופירות יבשים",https://foody.co.il/foody_recipe/%D7%9E%D7%9C%D7%9B%D7%95%D7%AA-%D7%94%D7%98%D7%95-%D7%91%D7%A9%D7%91%D7%98-%D7%A9%D7%9C%D7%9B%D7%9D-%D7%A2%D7%95%D7%92%D7%99%D7%95%D7%AA-%D7%A9%D7%99%D7%91%D7%95%D7%9C%D7%AA-%D7%A9%D7%95%D7%A2/,foody.co.il,web
36,Oatmeal Cookie,https://www.monpetitfour.com/oatmeal-cookie-recipe/,www.monpetitfour.com,web
36,Mexican Chocolate Oatmeal Cookies,https://muybuenocookbook.com/mexican-chocolate-oatmeal-cookies/,muybuenocookbook.com,web
36,Brown Butter Oatmeal Pine Nut Cookies,https://muybuenocookbook.com/oatmeal-pine-nut-cookies/,muybuenocookbook.com,web
36,עוגיות גרנולה,https://www.shtrudel.net/granola,www.shtrudel.net,web
37,"עוגיות בננה ,קוואקר ושוקולד מ- 3 מצרכים( מתכון ללא גלוטן וטבעוני)",https://www.quaker.co.il/%D7%9E%D7%AA%D7%9B%D7%95%D7%A0%D7%99%D7%9D/%d7%a2%d7%95%d7%92%d7%99%d7%95%d7%aa_%d7%91%d7%a0%d7%a0%d7%94_%d7%a7%d7%95%d7%95%d7%90%d7%a7%d7%a8_%d7%95%d7%a9%d7%95%d7%a7%d7%95%d7%9c%d7%93_%d7%9e_3_%d7%9e%d7%a6%d7%a8%d7%9b%d7%99%d7%9d_,www.quaker.co.il,web
37,"עוגיות קוואקר , גרנולה ושוקולד צ׳יפס",https://www.quaker.co.il/%D7%9E%D7%AA%D7%9B%D7%95%D7%A0%D7%99%D7%9D/%d7%a2%d7%95%d7%92%d7%99%d7%95%d7%aa_%d7%a7%d7%95%d7%95%d7%90%d7%a7%d7%a8_%d7%92%d7%a8%d7%a0%d7%95%d7%9c%d7%94_%d7%95%d7%a9%d7%95%d7%a7%d7%95%d7%9c%d7%93_%d7%a6%d7%b3%d7%99%d7%a4%d7%a1,www.quaker.co.il,web
37,עוגיות שיבולת שועל וטחינה,https://www.quaker.co.il/%D7%9E%D7%AA%D7%9B%D7%95%D7%A0%D7%99%D7%9D/%d7%a2%d7%95%d7%92%d7%99%d7%95%d7%aa_%d7%98%d7%97%d7%99%d7%a0%d7%94_%d7%95%d7%a7%d7%95%d7%95%d7%90%d7%a7%d7%a8,www.quaker.co.il,web
37,עוגיות קוואקר,https://www.quaker.co.il/%D7%9E%D7%AA%D7%9B%D7%95%D7%A0%D7%99%D7%9D/%d7%a2%d7%95%d7%92%d7%99%d7%95%d7%aa_%d7%a7%d7%95%d7%95%d7%90%d7%a7%d7%a8,www.quaker.co.il,web
37,עוגיות שוקולד צ' יפס וקוואקר בצנצנת,https://www.quaker.co.il/%D7%9E%D7%AA%D7%9B%D7%95%D7%A0%D7%99%D7%9D/%d7%a2%d7%95%d7%92%d7%99%d7%95%d7%aa_%d7%a7%d7%95%d7%95%d7%90%d7%a7%d7%a8_%d7%95%d7%a9%d7%95%d7%a7%d7%95%d7%9c%d7%93_%d7%a6%d7%99%d7%a4%d7%a1_%d7%91%d7%a6%d7%a0%d7%a6%d7%a0%d7%aa,www.quaker.co.il,web
37,עוגיית שיבולת שועל ענקית,https://www.instagram.com/shaynzzz/reel/CkiNLQmD43N/,www.instagram.com,social
37,עוגיות חמאה של פעם,https://foody.co.il/foody_recipe/%D7%96%D7%99%D7%9C%D7%95%D7%A4%D7%99%D7%9D-%D7%A9%D7%9C-%D7%A2%D7%95%D7%92%D7%99%D7%95%D7%AA-%D7%97%D7%9E%D7%90%D7%94-%D7%A4%D7%A8%D7%99%D7%9B%D7%95%D7%AA-%D7%9C%D7%A9%D7%A2%D7%AA-%D7%94%D7%AA%D7%94/?referer=33957&utm_sourc,foody.co.il,web
38,עוגיות חמאה,https://www.shtrudel.net/butter-cookies,www.shtrudel.net,web
38,עוגיות חמאה ביתיות,https://foody.co.il/foody_recipe/%d7%a6%d7%a0%d7%a6%d7%a0%d7%aa-%d7%97%d7%95%d7%91%d7%94-%d7%91%d7%9b%d7%9c-%d7%a9%d7%99%d7%a9-%d7%a2%d7%95%d7%92%d7%99%d7%95%d7%aa-%d7%97%d7%9e%d7%90%d7%94-%d7%9e%d7%a2%d7%95%d7%9c%d7%95%d7%aa/,foody.co.il,web
38,Sable Breton,https://www.monpetitfour.com/french-butter-cookies/,www.monpetitfour.com,web
38,Butter Pecan Cookies,https://www.monpetitfour.com/butter-pecan-cookies-2/#more-1046,www.monpetitfour.com,web
38,Double Pecan Thumbprint Cookies,https://muybuenocookbook.com/double-pecan-thumbprints/,muybuenocookbook.com,web
38,Cuernitos de Nuez (Butter Pecan Cookies),https://muybuenocookbook.com/cuernitos-de-nuez-butter-pecan-cookies/,muybuenocookbook.com,web
38,עוגיות חמאה,https://www.ronyohananov.com/post/%D7%A2%D7%95%D7%92%D7%99%D7%95%D7%AA-%D7%97%D7%9E%D7%90%D7%94-%D7%A0%D7%93%D7%99%D7%A8%D7%95%D7%AA,www.ronyohananov.com,web
38,עוגיות חמאה טורקיות,https://www.ronyohananov.com/post/%D7%A2%D7%95%D7%92%D7%99%D7%95%D7%AA-%D7%97%D7%9E%D7%90%D7%94-%D7%98%D7%95%D7%A8%D7%A7%D7%99%D7%95%D7%AA,www.ronyohananov.com,web
39,עוגיות חמאה עם שוקולד,https://foody.co.il/foody_recipe/%D7%A2%D7%95%D7%92%D7%99%D7%95%D7%AA-%D7%97%D7%9E%D7%90%D7%94-%D7%A7%D7%9C%D7%95%D7%AA-%D7%95%D7%9E%D7%94%D7%99%D7%A8%D7%95%D7%AA-%D7%91%D7%A6%D7%99%D7%A4%D7%95%D7%99-%D7%A9%D7%95%D7%A7%D7%95%D7%9C/,foody.co.il,web
39,"עוגיות חמאה וקינמון ""סניקרדודלס""",https://foody.co.il/foody_recipe/%D7%A1%D7%A0%D7%99%D7%A7%D7%A8%D7%93%D7%95%D7%93%D7%9C%D7%A1-%D7%A2%D7%95%D7%92%D7%99%D7%95%D7%AA-%D7%97%D7%9E%D7%90%D7%94-%D7%95%D7%A7%D7%99%D7%A0%D7%9E%D7%95%D7%9F-%D7%90%D7%9E%D7%A8%D7%99%D7%A7/,foody.co.il,web
39,Shortbread with Chocolate Chunks,https://www.youtube.com/shorts/h-tQvUuENHs,www.youtube.com,social
39,עוגיות שוקולד צ'יפס,https://www.facebook.com/shtrudel.il/videos/2742976252641296/,www.facebook.com,social
40,עוגיות שוקולד צ'יפס קלאסיות,https://www.instagram.com/reel/DBDg7yHMog7/?igsh=MWU1N3NuMXpqdHRlNQ%3D%3D,www.instagram.com,social
40,עוגיות שוקולד צ'יפס עם פקאן,https://www.instagram.com/reel/Cm9rADQh0Z2/?igsh=MWxyNmI1YmFkMDM4MQ%3D%3D,www.instagram.com,social
40,עוגיות שוקולד צ'יפס בריאות,https://www.ronyohananov.com/post/%D7%A2%D7%95%D7%92%D7%99%D7%95%D7%AA-%D7%A9%D7%95%D7%A7%D7%95%D7%9C%D7%93-%D7%A6-%D7%99%D7%A4%D7%A1-%D7%91%D7%A8%D7%99%D7%90%D7%95%D7%AA,www.ronyohananov.com,web
40,עוגיות שוקולד צ'יפס,https://www.instagram.com/reel/CevH1J0MPb5/?igsh=YzYybTZvMDJqbjcz,www.instagram.com,social
40,Brown Butter Chocolate Chip Cookies,https://www.monpetitfour.com/brown-butter-chocolate-chip-cookies-2/,www.monpetitfour.com,web
40,Chocolate Chip Cookies the Old Fashioned Way,https://www.monpetitfour.com/chocolate-chip-cookies/,www.monpetitfour.com,web
40,Orange and Chocolate Chip Oat Cookies,https://skandibaking.com/orange-and-chocolate-chip-oat-cookies/,skandibaking.com,web
41,The BEST Chocolate Chip Cookies,https://cosetteskitchen.com/recipe/bestchocolatechipcookies,cosetteskitchen.com,web
41,Small Batch Chocolate Chip Cookies,https://www.flourandspiceblog.com/one-dozen-chocolate-chip-cookies-no-mixer-needed/,www.flourandspiceblog.com,web
41,Olive Oil Chocolate Chip Cookies,https://cosetteskitchen.com/olive-oil-chocolate-chip-cookies,cosetteskitchen.com,web
41,חיתוכיות שוקולד ופקאן,https://foody.co.il/foody_recipe/%D7%97%D7%99%D7%AA%D7%95%D7%9B%D7%99%D7%95%D7%AA-%D7%A9%D7%95%D7%A7%D7%95%D7%9C%D7%93-%D7%95%D7%A4%D7%A7%D7%90%D7%9F/,foody.co.il,web
41,עוגיות אמסטרדם,https://www.shtrudel.net/ams,www.shtrudel.net,web
41,Homemade Milano Cookies,https://www.monpetitfour.com/homemade-milano-cookies-3/,www.monpetitfour.com,web
42,עוגיות היער השחור,https://www.carine.co.il/foody_recipe/%D7%92%D7%A8%D7%9E%D7%A0%D7%99%D7%94-%D7%91%D7%A2%D7%95%D7%92%D7%99%D7%94-%D7%A2%D7%95%D7%92%D7%99%D7%95%D7%AA-%D7%94%D7%99%D7%A2%D7%A8-%D7%94%D7%A9%D7%97%D7%95%D7%A8/,www.carine.co.il,web
42,"עוגיות יין לבן ,קלמטה , שמן זית ושוקולד",https://www.hashulchan.co.il/%D7%9E%D7%AA%D7%9B%D7%95%D7%A0%D7%99%D7%9D/%D7%A2%D7%95%D7%92%D7%99%D7%95%D7%AA-%D7%99%D7%99%D7%9F-%D7%9C%D7%91%D7%9F-%D7%A7%D7%9C%D7%9E%D7%98%D7%94-%D7%A9%D7%9E%D7%9F-%D7%96%D7%99%D7%AA-%D7%95%D7%A9%D7%95%D7%A7%D7%95%D7%9C%D7%93,www.hashulchan.co.il,web
42,מעמולים,https://foody.co.il/foody_recipe/%D7%9E%D7%A2%D7%9E%D7%95%D7%9C%D7%99%D7%9D/?referer=33957&utm_source=facebook&utm_medium=post&utm_campaign=%D7%98%D7%A8%D7%95%D7%91%D7%99%D7%94&utm_content=%D7%A9%D7%98%D7%A8%D7%95%D7%93%D7%9C%20%D7%9E%D7%A2%D7%9E%D7%95%D7%25,foody.co.il,web
42,Ma’amoul Cookies,https://cosetteskitchen.com/maamoul-cookies,cosetteskitchen.com,web
42,Lebanese Date Cookies,https://cosetteskitchen.com/recipe/datecookies,cosetteskitchen.com,web
42,Soft Lemon Crinkle Cookies,https://www.italianrecipebook.com/soft-lemon-crinkle-cookies/,www.italianrecipebook.com,web
42,Lemon Shortbread Cookies with Cream Filling עוגיות לימון במילוי שמנת-,https://www.italianrecipebook.com/lemon-shortbread-cookies-cream-filling/,www.italianrecipebook.com,web
43,Lemon sandnøtter,https://www.instagram.com/scandinaviancookbook/reel/DDpQPuWsH8h/,www.instagram.com,social
43,עוגיות פרג ולימון,https://foody.co.il/foody_recipe/%D7%A2%D7%95%D7%92%D7%99%D7%95%D7%AA-%D7%A4%D7%A8%D7%92-%D7%95%D7%9C%D7%99%D7%9E%D7%95%D7%9F/,foody.co.il,web
43,עוגיות סנדוויץ 'לימון,https://foody.co.il/foody_recipe/%D7%A2%D7%95%D7%92%D7%99%D7%95%D7%AA-%D7%A1%D7%A0%D7%93%D7%95%D7%95%D7%99%D7%A5-%D7%9C%D7%99%D7%9E%D7%95%D7%9F-%D7%9C%D7%91%D7%99%D7%A1-%D7%97%D7%9C%D7%95%D7%9E%D7%99/,foody.co.il,web
43,עוגיית בננה,https://www.instagram.com/shaynzzz/reel/CpkqPiejIlO/,www.instagram.com,social
43,Strawberry Biscuit Cookies,https://sallysbakingaddiction.com/strawberry-biscuit-cookies/,sallysbakingaddiction.com,web
43,Fresh Persimmon Cookies with Raisins and Nuts,https://muybuenocookbook.com/fresh-persimmon-cookies-with-raisins-and-nuts/,muybuenocookbook.com,web
43,עוגיות גזר,https://www.carine.co.il/foody_recipe/%D7%A2%D7%95%D7%92%D7%99%D7%95%D7%AA-%D7%92%D7%96%D7%A8/,www.carine.co.il,web
44,עוגיות ביסקוטי פריכות,https://foody.co.il/foody_recipe/%D7%94%D7%A2%D7%95%D7%92%D7%99%D7%95%D7%AA-%D7%94%D7%9E%D7%95%D7%A9%D7%9C%D7%9E%D7%95%D7%AA-%D7%9C%D7%A7%D7%A4%D7%94-%D7%A2%D7%95%D7%92%D7%99%D7%95%D7%AA-%D7%91%D7%99%D7%A1%D7%A7%D7%95%D7%98%D7%99/,foody.co.il,web
44,עוגיות ביסקוטי עם פיסטוקים ופקאן,https://foody.co.il/foody_recipe/%D7%A2%D7%95%D7%92%D7%99%D7%95%D7%AA-%D7%91%D7%99%D7%A1%D7%A7%D7%95%D7%98%D7%99-%D7%A2%D7%9D-%D7%A4%D7%99%D7%A1%D7%98%D7%95%D7%A7%D7%99%D7%9D-%D7%95%D7%A4%D7%A7%D7%90%D7%9F/,foody.co.il,web
44,עוגיות ביסקוטי עם קליפות תפוזים ושוקולד,https://www.carine.co.il/foody_recipe/%D7%91%D7%99%D7%A1%D7%A7%D7%95%D7%98%D7%99-%D7%A2%D7%9D-%D7%A7%D7%9C%D7%99%D7%A4%D7%95%D7%AA-%D7%AA%D7%A4%D7%95%D7%96%D7%99%D7%9D-%D7%95%D7%A9%D7%95%D7%A7%D7%95%D7%9C%D7%93/,www.carine.co.il,web
44,ביסקוטי וניל עם פקאן ופצפוצי שוקולד,https://www.carine.co.il/foody_recipe/%D7%91%D7%99%D7%A1%D7%A7%D7%95%D7%98%D7%99-%D7%95%D7%A0%D7%99%D7%9C-%D7%A2%D7%9D-%D7%A4%D7%A7%D7%90%D7%9F-%D7%95%D7%A4%D7%A6%D7%A4%D7%95%D7%A6%D7%99-%D7%A9%D7%95%D7%A7%D7%95%D7%9C%D7%93/,www.carine.co.il,web
44,פריכיות אגוזים בדבש בהשראת המטבח הגיאורגי,"https://xnet.ynet.co.il/articles/0,7340,L-5794279,00.html",xnet.ynet.co.il,web
44,עוגיות פיצוחים,https://foody.co.il/foody_recipe/%D7%A2%D7%95%D7%92%D7%99%D7%95%D7%AA-%D7%A4%D7%99%D7%A6%D7%95%D7%97%D7%99%D7%9D-%D7%9C%D7%9C%D7%90-%D7%92%D7%9C%D7%95%D7%98%D7%9F-%D7%9B%D7%9E%D7%A2%D7%98-%D7%9C%D7%9C%D7%90-%D7%A1%D7%95%D7%9B%D7%A8/,foody.co.il,web
45,עוגיות שקדים,https://www.shtrudel.net/almond,www.shtrudel.net,web
45,עוגיות שקדים,https://www.quaker.co.il/%D7%9E%D7%AA%D7%9B%D7%95%D7%A0%D7%99%D7%9D/%d7%a2%d7%95%d7%92%d7%99%d7%95%d7%aa_%d7%a9%d7%a7%d7%93%d7%99%d7%9d,www.quaker.co.il,web
45,Bruttiboni (Italian Hazelnut Cookies),https://www.italianrecipebook.com/bruttiboni-cookies/,www.italianrecipebook.com,web
45,עוגיות אייס קפה,https://foody.co.il/foody_recipe/%D7%90%D7%99%D7%99%D7%A1-%D7%90%D7%99%D7%99%D7%A1-%D7%91%D7%99%D7%99%D7%91%D7%99-%D7%A2%D7%95%D7%92%D7%99%D7%95%D7%AA-%D7%90%D7%99%D7%99%D7%A1-%D7%A7%D7%A4%D7%94-%D7%A9%D7%9C-%D7%A8%D7%95%D7%9F/,foody.co.il,web
45,עוגיות טירמיסו,https://www.instagram.com/reel/C1EZSSnNOgZ/?igsh=aXdoZ3NmanRpbXYy,www.instagram.com,social
45,Tiramisu Cookies,https://juliemarieeats.com/tiramisu-cookies/,juliemarieeats.com,web
45,עוגיות אספרסו,https://www.instagram.com/reel/C1oQMaEoiMB/?igsh=YXc3OGx3cTRtMGFu,www.instagram.com,social
45,עוגיות פולי קפה,https://foody.co.il/foody_recipe/%D7%A2%D7%95%D7%92%D7%99%D7%95%D7%AA-%D7%A7%D7%A4%D7%94-%D7%9E%D7%94%D7%9E%D7%9E%D7%95%D7%AA-%D7%95%D7%98%D7%A2%D7%99%D7%9E%D7%95%D7%AA-%D7%91%D7%9E%D7%99%D7%95%D7%97%D7%93-%D7%91%D7%A6%D7%95%D7%A8/?fbclid=PAAabiqy3eVY0mbFn,foody.co.il,web
46,"עוגיות מגולגלות במילוי קרם קפה ,שקדים ושוקולד לבן",https://foody.co.il/foody_recipe/%D7%A2%D7%95%D7%92%D7%99%D7%95%D7%AA-%D7%9E%D7%92%D7%95%D7%9C%D7%92%D7%9C%D7%95%D7%AA-%D7%91%D7%9E%D7%99%D7%9C%D7%95%D7%99-%D7%A7%D7%A8%D7%9D-%D7%A7%D7%A4%D7%94-%D7%A9%D7%A7%D7%93%D7%99%D7%9D-%D7%95/,foody.co.il,web
46,עוגיות קפה ופקאן,https://foody.co.il/foody_recipe/%d7%a2%d7%95%d7%92%d7%99%d7%95%d7%aa-%d7%a7%d7%a4%d7%94-%d7%95%d7%a4%d7%a7%d7%90%d7%9f/,foody.co.il,web
46,Madeleines,http://persimmonandpeach.blogspot.com/2012/08/julia-childs-100th-birthday-madeleines.html,persimmonandpeach.blogspot.com,web
46,עוגיות מדלן דבש,https://www.hashulchan.co.il/%D7%9E%D7%AA%D7%9B%D7%95%D7%A0%D7%99%D7%9D/%D7%9E%D7%93%D7%9C%D7%9F-%D7%93%D7%91%D7%A9/,www.hashulchan.co.il,web
46,מדלן בננה,https://www.carine.co.il/foody_recipe/%D7%9E%D7%93%D7%9C%D7%9F-%D7%91%D7%A0%D7%A0%D7%94/,www.carine.co.il,web
46,Classic Madeleines,https://www.monpetitfour.com/madeleines-recipe/,www.monpetitfour.com,web
46,Gingerbread Madeleines,https://www.monpetitfour.com/gingerbread-madeleines/,www.monpetitfour.com,web
46,Honey and Orange Madeleines,https://www.monpetitfour.com/honey-and-orange-madeleines-2-2/,www.monpetitfour.com,web
47,עוגיות טחינה,https://www.shtrudel.net/tehinacookies,www.shtrudel.net,web
47,עוגיות טחינה,https://www.carine.co.il/foody_recipe/%d7%a2%d7%95%d7%92%d7%99%d7%95%d7%aa-%d7%98%d7%97%d7%99%d7%a0%d7%94-%d7%a9%d7%9e%d7%9b%d7%99%d7%a0%d7%99%d7%9d-%d7%91%d7%a7%d7%9c%d7%95%d7%aa-%d7%a9%d7%9c-%d7%a7%d7%a8%d7%99%d7%9f-%d7%92%d7%95%d7%a8/,www.carine.co.il,web
47,Tahini Pinwheel Cookies,https://cosetteskitchen.com/tahini-pinwheel-cookies,cosetteskitchen.com,web
47,Tahini Chai Breakfast Cookies,https://www.instagram.com/terianncarty/reel/DEYLXpXyYT8/,www.instagram.com,social
47,אלפחורס,https://www.shtrudel.net/alfajores,www.shtrudel.net,web
47,בייבי אלפחורס,https://www.instagram.com/reel/DFMy7XCIKIr/?igsh=MTVtNDQ0NzJ4MWtscw%3D%3D,www.instagram.com,social
47,Alfajores (Dulce de Leche Shortbread Cookies),https://muybuenocookbook.com/alfajores-dulce-de-leche-shortbread-cookies/,muybuenocookbook.com,web
47,עוגיות מושלגות,https://www.shtrudel.net/sheleg,www.shtrudel.net,web
48,עוגיות מושלגות לימוניות,https://foody.co.il/foody_recipe/%D7%A2%D7%95%D7%92%D7%99%D7%95%D7%AA-%D7%9E%D7%95%D7%A9%D7%9C%D7%92%D7%95%D7%AA-%D7%9C%D7%99%D7%9E%D7%95%D7%A0%D7%99%D7%95%D7%AA/,foody.co.il,web
48,עוגיות עבאדי,https://www.youtube.com/watch?v=cZwg2vLTCLY,www.youtube.com,social
48,עוגיות אוזני פיל,https://www.shtrudel.net/%D7%A2%D7%95%D7%92%D7%99%D7%95%D7%AA-%D7%90%D7%95%D7%96%D7%A0%D7%99-%D7%A4%D7%99%D7%9C/,www.shtrudel.net,web
48,Swedish Thumbprint Cookies,https://skandibaking.com/hallongrottor-swedish-thumbprint-cookies/,skandibaking.com,web
48,עוגיית ריבה משפחתית ג'מבו,https://www.instagram.com/misspetel/reel/DCTsITqMtPk/,www.instagram.com,social
48,Farmer's Cheese Cookies,https://www.olgasflavorfactory.com/autumn-favorites/soft-farmers-cheese-cookies-geese-feet/,www.olgasflavorfactory.com,web
48,Reginelle - Italian Sesame Cookies,https://www.italianrecipebook.com/reginelle-italian-sesame-cookies/,www.italianrecipebook.com,web
48,עוגיות זנגביל,"https://www.ynet.co.il/articles/0,7340,L-4322698,00.html",www.ynet.co.il,web
49,עוגיות מייפל ופקאן,https://www.carine.co.il/foody_recipe/%D7%A2%D7%95%D7%92%D7%99%D7%95%D7%AA-%D7%9E%D7%99%D7%99%D7%A4%D7%9C-%D7%95%D7%A4%D7%A7%D7%90%D7%9F-%D7%A9%D7%AA%D7%9E%D7%99%D7%93-%D7%9E%D7%A6%D7%9C%D7%99%D7%97%D7%95%D7%AA/,www.carine.co.il,web
49,עוגיות קרקר מתוקות,https://foody.co.il/foody_recipe/%D7%A2%D7%95%D7%92%D7%99%D7%95%D7%AA-%D7%A7%D7%A8%D7%A7%D7%A8-%D7%9E%D7%AA%D7%95%D7%A7%D7%95%D7%AA-%D7%A9%D7%9C%D7%90-%D7%AA%D7%95%D7%9B%D7%9C%D7%95-%D7%9C%D7%94%D7%A4%D7%A1%D7%99%D7%A7-%D7%9C%D7%A0/,foody.co.il,web
49,עוגיות עד חצות,https://www.instagram.com/lioroooosh/reel/DFI0-xHonTq/,www.instagram.com,social
49,Raisin Filled Cookies,https://muybuenocookbook.com/raisin-filled-cookies/,muybuenocookbook.com,web
49,Mexican Wedding Cookies,https://www.isabeleats.com/mexican-wedding-cookies-polvorones/,www.isabeleats.com,web
49,עוגיות ריפעת מרוקאיות,https://foody.co.il/foody_recipe/%D7%A2%D7%95%D7%92%D7%99%D7%95%D7%AA-%D7%A8%D7%99%D7%A4%D7%A2%D7%AA-%D7%9E%D7%A8%D7%95%D7%A7%D7%90%D7%99%D7%95%D7%AA-%D7%9C%D7%A9%D7%A2%D7%AA-%D7%94%D7%AA%D7%94/,foody.co.il,web
49,עוגיות סנדוויץ 'עם גנאש צ' אי מסאלה,https://www.hashulchan.co.il/%D7%9E%D7%AA%D7%9B%D7%95%D7%A0%D7%99%D7%9D/%D7%A2%D7%95%D7%92%D7%99%D7%95%D7%AA-%D7%A1%D7%A0%D7%93%D7%95%D7%95%D7%99%D7%A5-%D7%A2%D7%9D-%D7%92%D7%A0%D7%90%D7%A9-%D7%A6%D7%90%D7%99-%D7%9E%D7%A1%D7%90%D7%9C%D7%94/,www.hashulchan.co.il,web
49,Cardamom Shortbread Cookies,https://www.hungrypaprikas.com/cardamom-shortbread-cookies/,www.hungrypaprikas.com,web
50,Lebanese Shortbread Cookies,https://cosetteskitchen.com/recipe/lebaneseshortbread,cosetteskitchen.com,web
50,Vegan Lemon Poppy Seed Cookies,https://cosetteskitchen.com/recipe/lemonpoppycookies,cosetteskitchen.com,web
51,"עוגת קפוצ'ינו ,קוקוס ואגוזים",https://www.facebook.com/groups/imaot.co.il/posts/3314592235359962/,www.facebook.com,social
51,Hazelnut Coffee Cake,https://skandibaking.com/hazelnut-coffee-cake/?fbclid=PAY2xjawH6EhdleHRuA2FlbQIxMQABppn-AnQp9fPbual1AjotWNrqqxpqhxkxvTfCjJirYObavS1guDhmQfsnlQ_aem_J1ELtTQTPhfwlzmJHlH-7A,skandibaking.com,web
51,Waitrose Classic Coffee & Walnut Cake,https://blog.britishcornershop.co.uk/2019/08/waitrose-classic-coffee-and-walnut-cake-recipe/,blog.britishcornershop.co.uk,web
51,"עוגת קפה ,מייפל וקינמון",https://www.instagram.com/taamatok/reel/C3kvLAiIeJI/,www.instagram.com,social
51,עוגת קפה שוקולד לבן,https://www.instagram.com/hodaya_gavriel20/reel/DDUlrRXohpN/%D7%A2%D7%95%D7%92%D7%AA-%D7%A7%D7%A4%D7%94-%D7%A9%D7%95%D7%A7%D7%95%D7%9C%D7%93-%D7%9C%D7%91%D7%9F-%D7%9E%D7%98%D7%95%D7%A8%D7%A4%D7%AA%D7%94%D7%9E%D7%AA%D7%9B%D7%95%D7%9F-%D7%9E%D7%AA%D7%90%D7%259,www.instagram.com,social
51,"עוגה בחושה אספרסו , קינמון ופקאן",https://foody.co.il/foody_recipe/%D7%A2%D7%95%D7%92%D7%94-%D7%91%D7%97%D7%95%D7%A9%D7%94-%D7%90%D7%A1%D7%A4%D7%A8%D7%A1%D7%95-%D7%A7%D7%99%D7%A0%D7%9E%D7%95%D7%9F-%D7%95%D7%A4%D7%A7%D7%90%D7%9F/,foody.co.il,web
52,Espresso Cheesecake,https://www.instagram.com/reel/C8ekjT5ydSu/,www.instagram.com,social
52,פאי קרמל וקפה ללא אפייה,https://www.youtube.com/watch?v=_WizOdAIGf8,www.youtube.com,social
52,טירמיסו אילתורים,https://www.instagram.com/reel/CuuRM6frICv/?igsh=bTJxcnlrbDE4dzNo,www.instagram.com,social
52,טירמיסו בכוס קפה,https://www.instagram.com/maayan.shtrudel/reel/DB_RlOQMNYP/,www.instagram.com,social
52,טירמיסו דובאי,https://www.instagram.com/maayan.shtrudel/reel/DB8XC-PMYkb/,www.instagram.com,social
52,רולדה טירמיסו,https://www.instagram.com/adikosh_123/reel/DE7G2Qtsvwf/,www.instagram.com,social
52,טירמיסו נוגט,https://www.instagram.com/_moran_gil/reel/C3M7sbFt3s1/,www.instagram.com,social
52,טירמיסו בננות,https://www.ronyohananov.com/post/%D7%98%D7%A8%D7%9E%D7%99%D7%A1%D7%95-%D7%91%D7%A0%D7%A0%D7%95%D7%AA-%D7%97%D7%9C%D7%95%D7%9E%D7%99,www.ronyohananov.com,web
53,טירמיסו לימון,https://www.instagram.com/lichtenstadt/reel/DEp7nE5Mozv/,www.instagram.com,social
53,Lemon Tiramusu,https://www.instagram.com/happytummy_702/reel/CrZrUgepPd7/,www.instagram.com,social
53,Tiramisu Citron,https://www.pazapah.fr/p/la-gazette-gourmande-de-pazapah-15,www.pazapah.fr,web
53,טירמיסו תותים,https://www.instagram.com/p/DEehQChsCkL/,www.instagram.com,social
53,שטרודל,https://www.shtrudel.net/shtrudel,www.shtrudel.net,web
53,שטרודל תפוחים עם רוטב וניל חם,https://www.ronyohananov.com/post/%D7%A9%D7%98%D7%A8%D7%95%D7%93%D7%9C-%D7%AA%D7%A4%D7%95%D7%97%D7%99%D7%9D-%D7%A2%D7%9D-%D7%A8%D7%95%D7%98%D7%91-%D7%95%D7%A0%D7%99%D7%9C-%D7%97%D7%9D,www.ronyohananov.com,web
53,עוגת תפוחים,https://www.shtrudel.net/apple,www.shtrudel.net,web
53,עוגת תפוחים וקינמון,https://www.mako.co.il/food-recipes/recipes_column-cakes/Recipe-04c41af8e9ad571027.htm,www.mako.co.il,web
54,עוגת תפוחים של סבתא אסתר,https://www.noacakes.co.il/challenge-page/c82eeb21-0245-4315-a635-ab31541ef06f,www.noacakes.co.il,web
54,עוגת תפוחים אוסטרית,https://www.ronyohananov.com/post/%D7%A2%D7%95%D7%92%D7%AA-%D7%AA%D7%A4%D7%95%D7%97%D7%99%D7%9D-%D7%90%D7%95%D7%A1%D7%98%D7%A8%D7%99%D7%AA,www.ronyohananov.com,web
54,APPLE TRES LECHES CAKE,https://www.instagram.com/isabeleats/reel/DDPbwGDRVWW/,www.instagram.com,social
54,עוגת תפוחים בחושה,https://foody.co.il/foody_recipe/%D7%92%D7%91%D7%95%D7%94%D7%94-%D7%95%D7%A9%D7%97%D7%95%D7%9E%D7%94-%D7%A2%D7%9D-%D7%90%D7%91%D7%A7%D7%AA-%D7%A1%D7%95%D7%9B%D7%A8-%D7%A2%D7%95%D7%92%D7%AA-%D7%AA%D7%A4%D7%95%D7%97%D7%99%D7%9D/,foody.co.il,web
54,טארט טאטן,https://www.shtrudel.net/taten,www.shtrudel.net,web
54,Old Fashioned Apple “Cake ”,https://skandibaking.com/aeblekage-med-rasp-old-fashioned-apple-cake/,skandibaking.com,web
54,פאי תפוחים אמריקאי,https://foody.co.il/foody_recipe/%D7%A4%D7%90%D7%99-%D7%AA%D7%A4%D7%95%D7%97%D7%99%D7%9D-%D7%90%D7%9E%D7%A8%D7%99%D7%A7%D7%90%D7%99-2/,foody.co.il,web
54,Easy Apple Hand Pies,https://www.hungrypaprikas.com/easy-apple-hand-pies/,www.hungrypaprikas.com,web
55,Bizcocho de Manzana (Apple Cake),https://joyofspanishcooking.com/bizcocho-de-manzana-apple-cake/,joyofspanishcooking.com,web
55,"עוגת תפוחים , קוואקר ופירות יער",https://www.quaker.co.il/%D7%9E%D7%AA%D7%9B%D7%95%D7%A0%D7%99%D7%9D/%d7%a2%d7%95%d7%92%d7%aa_%d7%aa%d7%a4%d7%95%d7%97%d7%99%d7%9d_%d7%a7%d7%95%d7%95%d7%90%d7%a7%d7%a8_%d7%95%d7%a4%d7%99%d7%a8%d7%95%d7%aa_%d7%99%d7%a2%d7%a8,www.quaker.co.il,web
55,עוגת תפוחים וקוואקר,https://www.quaker.co.il/%D7%9E%D7%AA%D7%9B%D7%95%D7%A0%D7%99%D7%9D/%d7%9e%d7%aa%d7%9b%d7%95%d7%9f_%d7%9c%d7%a2%d7%95%d7%92%d7%aa_%d7%aa%d7%a4%d7%95%d7%97%d7%99%d7%9d_%d7%95%d7%a7%d7%95%d7%95%d7%90%d7%a7%d7%a8,www.quaker.co.il,web
55,Apple Pear Carrot Loaf,https://justamumnz.com/2023/09/01/apple-pear-carrot-loaf/,justamumnz.com,web
55,עוגת תפוחים ותה ירוק בריאה,https://www.shiriamit.co.il/post/????-??????-??-????-????-????-?????-???????,www.shiriamit.co.il,web
55,עוגת גבינה וקרם קפה,https://www.shtrudel.net/cremecafe,www.shtrudel.net,web
55,עוגת גבינה באסקית,https://www.facebook.com/watch/?v=386304683370887,www.facebook.com,social
55,עוגת גבינה מושלמת עם קרם לימון,https://foody.co.il/foody_recipe/%D7%97%D7%9C%D7%95%D7%9D-%D7%9C%D7%99%D7%9E%D7%95%D7%A0%D7%99-%D7%95%D7%9E%D7%AA%D7%95%D7%A7-%D7%A2%D7%95%D7%92%D7%AA-%D7%92%D7%91%D7%99%D7%A0%D7%94-%D7%A2%D7%9D-%D7%A7%D7%A8%D7%9D-%D7%9C%D7%99/,foody.co.il,web
56,עוגת גבינה קטנה,https://www.instagram.com/maayan.shtrudel/reel/C7rLcHdMhpT/,www.instagram.com,social
56,עוגת גבינה-גזר,https://www.instagram.com/eyalrevah/reel/C78Tfo4owf5/,www.instagram.com,social
56,עוגת גבינה פירות יער עם ג' לי רוזה,https://www.misspetel.com/rose-jello-cheesecake/#google_vignette,www.misspetel.com,web
56,עוגת גבינה פקאן וקרמל מלוח ללא קמח,https://shanisanders.com/rec/%D7%A2%D7%95%D7%92%D7%AA-%D7%92%D7%91%D7%99%D7%A0%D7%94-%D7%A4%D7%A7%D7%90%D7%9F-%D7%95%D7%A7%D7%A8%D7%9E%D7%9C-%D7%9E%D7%9C%D7%95%D7%97-%D7%9C%D7%9C%D7%90-%D7%A7%D7%9E%D7%97/,shanisanders.com,web
56,Blackberry Cream Cheese Crumb Cake,https://sallysbakingaddiction.com/blackberry-cream-cheese-crumb-cake/,sallysbakingaddiction.com,web
56,עוגת סינרגיה שוקולד-גבינה,https://www.facebook.com/groups/imaot.co.il/posts/2207060766113120/?locale=he_IL,www.facebook.com,social
56,ציז' קייק(עוגת גבינה אפויה),https://www.shtrudel.net/cheesecake,www.shtrudel.net,web
56,עוגת גבינה ניו יורק בטעם קפה,https://www.instagram.com/opalester_oren/reel/C5Qze5IIGTj/,www.instagram.com,social
57,Lemon Ricotta Cake,https://www.monpetitfour.com/lemon-ricotta-cake/,www.monpetitfour.com,web
57,Lemon Semifreddo with Ricotta & Fresh Mint Sauce,https://www.italianrecipebook.com/lemon-semifreddo/,www.italianrecipebook.com,web
57,עוגת שוקולד שמנת,https://www.ronyohananov.com/post/%D7%A2%D7%95%D7%92%D7%AA-%D7%A9%D7%95%D7%A7%D7%95%D7%9C%D7%93-%D7%A9%D7%9E%D7%A0%D7%AA-%D7%9E%D7%98%D7%95%D7%A8%D7%A4%D7%AA,www.ronyohananov.com,web
57,Kärleksmums,https://scandinaviancookbook.com/karleksmums-swedish-chocolate-cake/?fbclid=PAAaZcxNgQWbL6T3-yND4wSjeT5tl_5RrBjaG8Hw-QnbZOo5lk18xS0itk8qk,scandinaviancookbook.com,web
57,עוגת שוקולד שבדית,https://www.instagram.com/ben.shai/reel/DC2Af1qodu_/,www.instagram.com,social
57,Reine de Saba,https://www.monpetitfour.com/reine-de-saba/,www.monpetitfour.com,web
57,עוגת שוקולד,https://www.shtrudel.net/chocolatecake,www.shtrudel.net,web
57,עוגת שוקולד,https://www.instagram.com/reel/CZPAf6YhM6o/?igsh=MXh4YmNqd2ZnanV2Yw==,www.instagram.com,social
57,הקרם לעוגה,https://www.instagram.com/reel/CZPKPLyhuZ4/?igsh=MWg3dzIwMTNzOGhybg==,www.instagram.com,social
58,עוגת כדורי שוקולד לבן,https://www.instagram.com/tehilla_cakes12/reel/C7HmOwBIDkX/,www.instagram.com,social
58,בראוניז שוקולד- קפה עם שכבת עוגת גבינה,https://foody.co.il/foody_recipe/%D7%91%D7%A8%D7%90%D7%95%D7%A0%D7%99%D7%96-%D7%A9%D7%95%D7%A7%D7%95%D7%9C%D7%93-%D7%A7%D7%A4%D7%94-%D7%A2%D7%9D-%D7%A9%D7%9B%D7%91%D7%AA-%D7%A2%D7%95%D7%92%D7%AA-%D7%92%D7%91%D7%99%D7%A0%D7%94/,foody.co.il,web
58,Chocolate Pear Cake,https://www.monpetitfour.com/chocolate-pear-cake/,www.monpetitfour.com,web
58,עוגה באסקית שוקולדית,https://foody.co.il/foody_recipe/%D7%A2%D7%95%D7%92%D7%94-%D7%91%D7%90%D7%A1%D7%A7%D7%99%D7%AA-%D7%A9%D7%95%D7%A7%D7%95%D7%9C%D7%93%D7%99%D7%AA/,foody.co.il,web
58,עוגת שוקולד באסקית,https://www.instagram.com/reel/Ckh1a8SucEJ/?igsh=MThsM3UxMmQwOWl2bA%3D%3D,www.instagram.com,social
58,Chocoflan,https://www.instagram.com/isabeleats/reel/DDuZOv8xJ23/?hl=he,www.instagram.com,social
58,פונדנט שוקולד חם,https://www.instagram.com/noa_einat/reel/DCgJkPPo8Er/,www.instagram.com,social
58,FONDANT CHOCOLAT MASCARPONE,https://www.instagram.com/reel/C5am4ZCIkhb/?igsh=NzVob3YwNnIyaHB4,www.instagram.com,social
59,עוגת שמרים שוקולד,https://www.shtrudel.net/shmarim,www.shtrudel.net,web
59,עוגת שמרים שוקולד,https://www.instagram.com/noa_einat/reel/C_2S-I_oBG6/,www.instagram.com,social
59,עוגת שמרים במילוי קרם שוקולד לבן וקפה,https://www.youtube.com/watch?v=svUHgj2qA1E,www.youtube.com,social
59,סקונס תות שדה,https://foody.co.il/foody_recipe/%d7%a1%d7%a7%d7%95%d7%a0%d7%a1-%d7%aa%d7%95%d7%aa-%d7%a9%d7%93%d7%94-%d7%95%d7%90%d7%99%d7%9a-%d7%9c%d7%a4%d7%99%d7%99%d7%a1-%d7%90%d7%aa-%d7%94%d7%9e%d7%9c%d7%9b%d7%94-%d7%94%d7%90%d7%9d/?auto=1,foody.co.il,web
59,חיתוכיות גבינה עם תותים וקראמבל,https://www.instagram.com/ronyohanan/reel/DD1QeBoNdfx/,www.instagram.com,social
59,עוגת וניל בחושה עם תותים,https://www.instagram.com/ronyohanan/reel/DEU_q4ysCnW/,www.instagram.com,social
59,עוגת תותים עם קצפת,https://www.facebook.com/watch/?v=1079237602574549,www.facebook.com,social
"59,60",Easy Homemade Strawberry Shortcakes,https://muybuenocookbook.com/easy-homemade-strawberry-shortcakes/,muybuenocookbook.com,web
60,Glazed Strawberry Bread,https://sallysbakingaddiction.com/glazed-strawberry-bread/,sallysbakingaddiction.com,web
60,One Layer Strawberry Shortcake Cake,https://sallysbakingaddiction.com/strawberry-shortcake-cake/,sallysbakingaddiction.com,web
60,Homemade Strawberry Shortcake,https://sallysbakingaddiction.com/easy-homemade-strawberry-shortcake/,sallysbakingaddiction.com,web
60,רולדת תותים עם קצפת,https://www.mako.co.il/food-cooking-with-keshet/made-in-israel/Recipe-4a3b57c87999b51006.htm,www.mako.co.il,web
60,"רולדת סושי פתיבר , שוקולד לבן ותותים",https://www.ronyohananov.com/post/%D7%A8%D7%95%D7%9C%D7%93%D7%AA-%D7%A1%D7%95%D7%A9%D7%99-%D7%A4%D7%AA%D7%99%D7%91%D7%A8-%D7%A9%D7%95%D7%A7%D7%95%D7%9C%D7%93-%D7%9C%D7%91%D7%9F-%D7%95%D7%AA%D7%95%D7%AA%D7%99%D7%9D,www.ronyohananov.com,web
60,עוגת ביסקוויטים,https://www.shtrudel.net/bisk,www.shtrudel.net,web
60,טריקולד ביסקוויטים,https://www.shtrudel.net/tricolad,www.shtrudel.net,web
61,עוגת ביסקוויטים שוקו וניל,https://www.shtrudel.net/biskvi,www.shtrudel.net,web
61,עוגת ביסקוויטים אייס קפה,https://www.ronyohananov.com/post/%D7%A2%D7%95%D7%92%D7%AA-%D7%91%D7%99%D7%A1%D7%A7%D7%95%D7%95%D7%99%D7%98%D7%99%D7%9D-%D7%90%D7%99%D7%99%D7%A1-%D7%A7%D7%A4%D7%94,www.ronyohananov.com,web
61,עוגת ביסקוויטים פטל ושוקולד לבן,https://coralhota.co.il/recipes/%D7%A2%D7%95%D7%92%D7%AA-%D7%91%D7%99%D7%A1%D7%A7%D7%95%D7%95%D7%99%D7%98%D7%99%D7%9D-%D7%A4%D7%98%D7%9C-%D7%95%D7%A9%D7%95%D7%A7%D7%95%D7%9C%D7%93-%D7%9C%D7%91%D7%9F/,coralhota.co.il,web
61,פאווה – עוגת ביסקוויטים ברזילאית,https://www.instagram.com/reel/C08zRquoGLa/?igshid=MzY1NDJmNzMyNQ%3D%3D&fbclid=IwZXh0bgNhZW0CMTAAAR0Tj8EMLuuTrjynnV5Y7esh_CY6VfN8ftIKxSMuXy9KmJrb3whQU19PQ58_aem_lm_c9ff_fkU5Yuudhq72Fw,www.instagram.com,social
61,פאבה – עוגת ביסקוויטים ברזילאית,https://www.instagram.com/reel/DEz6tZYN3FA/?igsh=MXA3eHlyb3RoeDcyOQ%3D%3D,www.instagram.com,social
61,Biscuit Cake,https://www.instagram.com/flourandspiceblog/reel/DE8z2JSOn4j/,www.instagram.com,social
61,"Lazy Cake (No bake, 3 ingredients)",https://www.hungrypaprikas.com/easy-no-bake-lazy-cake/,www.hungrypaprikas.com,web
61,עוגת בננה זריזה ומנצחת,https://foody.co.il/foody_recipe/%D7%9E%D7%9B%D7%95%D7%A4%D7%A4%D7%AA-%D7%94%D7%91%D7%A0%D7%A0%D7%95%D7%AA-%D7%A2%D7%95%D7%92%D7%AA-%D7%91%D7%A0%D7%A0%D7%95%D7%AA-%D7%96%D7%A8%D7%99%D7%96%D7%94-%D7%95%D7%9E%D7%A0%D7%A6%D7%97%D7%AA/,foody.co.il,web
62,Banana Cake,https://sallysbakingaddiction.com/best-banana-cake/,sallysbakingaddiction.com,web
62,עוגת בננות וקוואקר,https://www.quaker.co.il/%D7%9E%D7%AA%D7%9B%D7%95%D7%A0%D7%99%D7%9D/%d7%9e%d7%aa%d7%9b%d7%95%d7%9f_%d7%9c%d7%a2%d7%95%d7%92%d7%aa_%d7%91%d7%a0%d7%a0%d7%94_%d7%95%d7%a7%d7%95%d7%95%d7%90%d7%a7%d7%a8,www.quaker.co.il,web
62,עוגת בננות וקפה עם שוקולד צ׳יפס,https://foody.co.il/foody_recipe/%d7%a2%d7%95%d7%92%d7%aa-%d7%91%d7%a0%d7%a0%d7%95%d7%aa-%d7%95%d7%a7%d7%a4%d7%94-%d7%a2%d7%9d-%d7%a9%d7%95%d7%a7%d7%95%d7%9c%d7%93-%d7%a6%d7%b3%d7%99%d7%a4%d7%a1/,foody.co.il,web
62,עוגת בננה נוטלה,https://www.shtrudel.net/%D7%A2%D7%95%D7%92%D7%AA-%D7%91%D7%A0%D7%A0%D7%94-%D7%A0%D7%95%D7%98%D7%9C%D7%94/,www.shtrudel.net,web
62,עוגת שוקולד בננה,https://www.instagram.com/reel/ClQZqNgDe96/?igsh=MWNmY3ZjM2NsZ3E0cg%3D%3D,www.instagram.com,social
62,עוגת שוקולד בננה,https://www.ronyohananov.com/post/%D7%A2%D7%95%D7%92%D7%AA-%D7%A9%D7%95%D7%A7%D7%95%D7%9C%D7%93-%D7%91%D7%A0%D7%A0%D7%94,www.ronyohananov.com,web
62,Chocolate Banana Crumb Cake,https://www.monpetitfour.com/chocolate-banana-crumb-cake-2/,www.monpetitfour.com,web
63,בננה ברד עם מיקס פירות יער,https://www.instagram.com/maayan.shtrudel/reel/CtgT3bAtjYt/?ref=SA&hl=en,www.instagram.com,social
63,Mexican Chocolate Banana Bread,https://muybuenocookbook.com/mexican-chocolate-banana-bread/,muybuenocookbook.com,web
63,Banana Bread Baked Oatmeal with Berries and Cinnamon,https://www.isabeleats.com/banana-bread-baked-oatmeal/,www.isabeleats.com,web
63,עוגת תפוזים,https://www.shtrudel.net/ornagecake,www.shtrudel.net,web
63,עוגת תפוזים גבוהה ורכה כמו ענן,https://www.instagram.com/adikosh_123/reel/DEVYksBsuIc/,www.instagram.com,social
63,עוגת תפוזים הפוכה,https://foody.co.il/foody_recipe/%D7%95%D7%99%D7%98%D7%9E%D7%99%D7%9F-c-%D7%A2%D7%95%D7%92%D7%AA-%D7%AA%D7%A4%D7%95%D7%96%D7%99%D7%9D-%D7%94%D7%A4%D7%95%D7%9B%D7%94-%D7%9E%D7%A8%D7%A9%D7%99%D7%9E%D7%94-%D7%95%D7%A8%D7%99%D7%97%D7%A0/,foody.co.il,web
63,עוגת תפוזים וקוקוס,https://foody.co.il/foody_recipe/%D7%A2%D7%95%D7%92%D7%AA-%D7%AA%D7%A4%D7%95%D7%96%D7%99%D7%9D-%D7%95%D7%A7%D7%95%D7%A7%D7%95%D7%A1-%D7%91%D7%97%D7%95%D7%A9%D7%94-%D7%A4%D7%A9%D7%95%D7%98%D7%94-%D7%95%D7%98%D7%A2%D7%99%D7%9E%D7%94/,foody.co.il,web
64,Flourless Orange Cake,https://www.monpetitfour.com/orange-almond-flourless-cake-3/,www.monpetitfour.com,web
64,Easy Delicious Orange Cake with Oil,https://www.flourandspiceblog.com/orange-cake/,www.flourandspiceblog.com,web
64,עוגת לימון בחושה פרווה,https://www.metukimsheli.com/2021/08/13132/,www.metukimsheli.com,web
64,עוגת לימון,https://www.instagram.com/adikosh_123/reel/DFLgOFQMLwp/,www.instagram.com,social
64,עוגת לימונדה,https://www.facebook.com/groups/imaot.co.il/posts/3129473513871836/,www.facebook.com,social
64,LEMON POUND CAKE,https://www.instagram.com/reel/DE2Qhk_xpR-/?igsh=MXB5MnlxanR6dWh4cQ%3D%3D,www.instagram.com,social
64,Tarte au Citron,https://www.monpetitfour.com/lemon-tart-recipe/,www.monpetitfour.com,web
65,פאי קרם לימון קצפת ופירות יער,https://kerenagam.co.il/%D7%A4%D7%90%D7%99-%D7%A7%D7%A8%D7%9D-%D7%9C%D7%99%D7%9E%D7%95%D7%9F-%D7%A7%D7%A6%D7%A4%D7%AA-%D7%95%D7%A4%D7%99%D7%A8%D7%95%D7%AA-%D7%99%D7%A2%D7%A8/,kerenagam.co.il,web
65,עוגת שיש,https://www.shtrudel.net/marble,www.shtrudel.net,web
65,עוגת שיש,https://foody.co.il/foody_recipe/%D7%A2%D7%95%D7%92%D7%AA-%D7%A9%D7%99%D7%A9-%D7%A9%D7%9C%D7%90-%D7%9E%D7%A4%D7%A1%D7%99%D7%A7%D7%99%D7%9D-%D7%9C%D7%99%D7%99%D7%A9%D7%A8/,foody.co.il,web
65,עוגת שיש מויסט,https://www.instagram.com/reel/C1RbTl6sOLb/?igsh=MTIwZXdkcGlnNHNnbw%3D%3D,www.instagram.com,social
65,עוגת שיש,https://www.facebook.com/watch/?v=4544042125704151,www.facebook.com,social
65,עוגת שיש שוקו-קפה,https://www.instagram.com/lioroooosh/reel/C_xJUqsIKd7/,www.instagram.com,social
65,עוגת שיש קינמון,https://www.eyalrevah.com/post/cinnamon-marble-cake?fbclid=PAAaZY5Jilatx0XJPRtGOL3eSgi64c0mE71NShPIKV1dt8Z-GVQUoNsu5Iurw%23google_vignette,www.eyalrevah.com,web
65,עוגת קינמון ואגוזים בחושה,https://foody.co.il/foody_recipe/%D7%A2%D7%95%D7%92%D7%AA-%D7%A7%D7%99%D7%A0%D7%9E%D7%95%D7%9F-%D7%95%D7%90%D7%92%D7%95%D7%96%D7%99%D7%9D-%D7%91%D7%97%D7%95%D7%A9%D7%94-%D7%A4%D7%A8%D7%95%D7%95%D7%94-%D7%9E%D7%93%D7%94%D7%99%D7%9E/,foody.co.il,web
66,עוגת קינמון,https://www.instagram.com/ronyohanan/reel/C2jbwBINO1w/,www.instagram.com,social
66,עוגת בחושה פקאן,https://www.facebook.com/groups/imaot.co.il/posts/3443986209087230/,www.facebook.com,social
66,Cinnamon Banana Nut Bread,https://www.isabeleats.com/banana-nut-bread/,www.isabeleats.com,web
66,Pistachio Almond Cakes,https://www.monpetitfour.com/pistachio-financiers/,www.monpetitfour.com,web
66,"עוגת קוואקר ,חמוציות , שוקולד צ'יפס ואגוזים",https://www.quaker.co.il/%D7%9E%D7%AA%D7%9B%D7%95%D7%A0%D7%99%D7%9D/%d7%a2%d7%95%d7%92%d7%aa_%d7%a7%d7%95%d7%95%d7%90%d7%a7%d7%a8_%d7%97%d7%9e%d7%95%d7%a6%d7%99%d7%95%d7%aa_%d7%a9%d7%95%d7%a7%d7%95%d7%9c%d7%93_%d7%a6%d7%99%d7%a4%d7%a1_%d7%95%d7%90%d7%92%d7,www.quaker.co.il,web
66,עוגת שיבולת שועל בחושה,https://www.quaker.co.il/%D7%9E%D7%AA%D7%9B%D7%95%D7%A0%D7%99%D7%9D/%d7%a2%d7%95%d7%92%d7%aa_%d7%a9%d7%99%d7%a9_%d7%91%d7%99%d7%aa%d7%99%d7%aa_%d7%a2%d7%9d_%d7%a9%d7%99%d7%91%d7%95%d7%9c%d7%aa_%d7%a9%d7%95%d7%a2%d7%9c_%d7%95%d7%a1%d7%99%d7%9c%d7%90%d7%9f,www.quaker.co.il,web
66,"קראק פאי של מסעדת""מגזינו""",https://www.quaker.co.il/%D7%9E%D7%AA%D7%9B%D7%95%D7%A0%D7%99%D7%9D/%d7%a7%d7%a8%d7%90%d7%a7_%d7%a4%d7%90%d7%99,www.quaker.co.il,web
66,עוגת דבש,https://www.shtrudel.net/honey,www.shtrudel.net,web
67,עוגת דבש,https://www.facebook.com/watch/?v=8074518559289301,www.facebook.com,social
67,עוגת דבש ותפוחים,https://foody.co.il/foody_recipe/%D7%94%D7%A2%D7%95%D7%92%D7%94-%D7%94%D7%9E%D7%95%D7%A9%D7%9C%D7%9E%D7%AA-%D7%9C%D7%A8%D7%90%D7%A9-%D7%94%D7%A9%D7%A0%D7%94-%D7%A2%D7%95%D7%92%D7%AA-%D7%93%D7%91%D7%A9-%D7%95%D7%AA%D7%A4%D7%95%D7%97/,foody.co.il,web
67,עוגת דבש,https://www.ronyohananov.com/post/????-???-?????-????,www.ronyohananov.com,web
67,עוגת עקיצת הדבורה,https://www.instagram.com/dani.and.food/reel/CxC4zUcIwD1/,www.instagram.com,social
67,עוגת גזר,https://www.carine.co.il/foody_recipe/%D7%A2%D7%95%D7%92%D7%AA-%D7%92%D7%96%D7%A8/,www.carine.co.il,web
67,עוגת גזר בחושה,https://www.ronyohananov.com/post/%D7%A2%D7%95%D7%92%D7%AA-%D7%92%D7%96%D7%A8-%D7%91%D7%97%D7%95%D7%A9%D7%94,www.ronyohananov.com,web
67,עוגת גזר מלאה בהפתעות,https://www.ronyohananov.com/post/%D7%A2%D7%95%D7%92%D7%AA-%D7%92%D7%96%D7%A8-%D7%9E%D7%9C%D7%90%D7%94-%D7%91%D7%94%D7%A4%D7%AA%D7%A2%D7%95%D7%AA,www.ronyohananov.com,web
68,Coconut Carrot Cake with Chocolate and Coconut Glaze,https://joyofspanishcooking.com/coconuty-carrot-cake/,joyofspanishcooking.com,web
68,Pa de Pessic de Vic,https://joyofspanishcooking.com/pa-de-pessic-de-vic/,joyofspanishcooking.com,web
68,Italian Sponge Cake,https://www.italianrecipebook.com/sponge-cake/,www.italianrecipebook.com,web
68,Paradise Cake,https://www.italianrecipebook.com/paradise-cake/,www.italianrecipebook.com,web
68,French Yogurt Cake,https://www.monpetitfour.com/french-yogurt-cake/,www.monpetitfour.com,web
68,French Yogurt Cake,https://www.flourandspiceblog.com/french-yogurt-cake-2/,www.flourandspiceblog.com,web
68,עוגת מייפל,https://www.shtrudel.net/maple,www.shtrudel.net,web
69,עוגת מייפל קינמון וג׳ינגר,https://www.instagram.com/shalev_kata/reel/C1er_k6NnS3/,www.instagram.com,social
69,Spiced Gingerbread Cake,https://sallysbakingaddiction.com/gingerbread-cake-recipe/,sallysbakingaddiction.com,web
69,Peach Quick Bread,https://sallysbakingaddiction.com/peach-quick-bread/,sallysbakingaddiction.com,web
69,Fresh Peach Cake,https://sallysbakingaddiction.com/peach-cake/,sallysbakingaddiction.com,web
69,עוגת דובדבנים,https://www.carine.co.il/foody_recipe/%D7%A2%D7%95%D7%92%D7%AA-%D7%93%D7%95%D7%91%D7%93%D7%91%D7%A0%D7%99%D7%9D-%D7%9E%D7%94%D7%99%D7%A8%D7%94/?fbclid=PAAaYJv02TKe9A5gkIWCZBYFrdB1DsezE3fitwg2RIcaEMgaSR0MKstP3Fw8I,www.carine.co.il,web
69,Cherry Clafoutis,https://www.popsugar.com/food/Julia-Child-Cherry-Clafouti-Recipe-454974,www.popsugar.com,web
69,עוגת שזיפים,https://www.instagram.com/maayan.shtrudel/reel/C-nBXsYM6Dm/,www.instagram.com,social
69,עוגה בחושה עם אוכמניות פרווה,https://sweetdooly.co.il/24498,sweetdooly.co.il,web
70,עוגה בחושה עם פירות יער,https://www.ronyohananov.com/post/%D7%91%D7%A1%D7%99%D7%A1-%D7%9C%D7%A2%D7%95%D7%92%D7%94-%D7%91%D7%97%D7%95%D7%A9%D7%94-%D7%A9%D7%9E%D7%A0%D7%AA,www.ronyohananov.com,web
70,Rhubarb Cake,https://skandibaking.com/rabarberkage-rhubarb-cake/,skandibaking.com,web
70,Date Cake with Walnuts and a butter glaze (easy),https://www.hungrypaprikas.com/date-cake/,www.hungrypaprikas.com,web
70,עוגת נפוליאון,https://www.instagram.com/reel/Cu15xqUvb9J/?igsh=ejUxeGhsdHRrOTg1,www.instagram.com,social
70,רולדת היער השחור,https://www.instagram.com/reel/CtJ2jzYKsfP/?igsh=MWs4MmQwMGhqMXMyaQ%3D%3D,www.instagram.com,social
70,עוגת סולת,https://www.instagram.com/noa_einat/reel/DCoud0sI6rM/,www.instagram.com,social
70,עוגת בנטו,https://www.instagram.com/misspetel/reel/CuRv8zBr1nc/,www.instagram.com,social
70,Bûche de Noël Recipe (Yule Log Cake),https://www.monpetitfour.com/buche-de-noel/,www.monpetitfour.com,web
71,Mango Ice Cream Cake,https://www.instagram.com/reel/CuZc3j2tixo/?igsh=NzhmdXNyNzd3eHZm,www.instagram.com,social
71,fruit pizza,https://sallysbakingaddiction.com/fruit-pizza/,sallysbakingaddiction.com,web
71,עוגת אנרגיה בייתית,https://www.instagram.com/shiriamit1/reel/C89urqAo5J8/,www.instagram.com,social
72,סלט עוף,https://www.shtrudel.net/chickensalad,www.shtrudel.net,web
72,סלט עוף מלפפונים,https://www.shtrudel.net/%D7%A1%D7%9C%D7%98-%D7%A2%D7%95%D7%A3-%D7%9E%D7%9C%D7%A4%D7%A4%D7%95%D7%A0%D7%99%D7%9D/,www.shtrudel.net,web
72,סלט עוף מלפפונים אסייתי,https://www.instagram.com/kimgafson/,www.instagram.com,social
72,לאב גאי : סלט תאילנדי בתוספת פסטרמה,https://foody.co.il/foody_recipe/%D7%9C%D7%90%D7%91-%D7%92%D7%90%D7%99-%D7%A1%D7%9C%D7%98-%D7%AA%D7%90%D7%99%D7%9C%D7%A0%D7%93%D7%99-%D7%9E%D7%9E%D7%9B%D7%A8-%D7%91%D7%AA%D7%95%D7%A1%D7%A4%D7%AA-%D7%A4%D7%A1%D7%98%D7%A8%D7%9E%D7%94/,foody.co.il,web
72,סלט ירקות קצוץ,https://www.instagram.com/reel/Cp8AHPujwQ4/?igsh=a3Z5bmtjN2txdGl4,www.instagram.com,social
72,סלט ירקות מנצח עם קוביות קרח,https://www.instagram.com/ronyohanan/reel/DBNzjQaNfQX/,www.instagram.com,social
72,סלט מלפפונים של לוגן,https://www.instagram.com/reel/DAP_Gd_suJ8/?igsh=YXh1MnZzcmJ5Y2J3,www.instagram.com,social
73,סלט קיסר,https://www.instagram.com/reel/CfoIFZWDQVQ/?igsh=dGppa2lvNHhobnpq,www.instagram.com,social
73,סלט קיסר מקוצר,https://www.instagram.com/reel/C_8F08BMiWu/?igsh=ZHl4MGZlaTY4YWNl,www.instagram.com,social
73,סלט אנדיב,https://www.instagram.com/reel/Csy9ldTgGfd/?igsh=MXAwZXR3amR5aWp0dg%3D%3D,www.instagram.com,social
73,סלט טונה,https://www.instagram.com/reel/Cfi1JeSjkHn/?igsh=MXNuc2NpMDVvMjJlcA%3D%3D,www.instagram.com,social
73,סלט תירס,https://www.instagram.com/reel/CsoiVr4N88f/?igsh=MTZ0a3oxeDJzczJ6Ng%3D%3D,www.instagram.com,social
73,סלט כרובית עם כרובית צלויה וכרובית טרייה,https://www.instagram.com/p/DEZX5cQs4LM/,www.instagram.com,social
73,סלטים לחג,https://fb.watch/1PRiIIB5jU/,fb.watch,web
73,Fattoush Salad,https://cosetteskitchen.com/recipe/fattoush,cosetteskitchen.com,web
74,סלט חלומי,https://www.shtrudel.net/halumi,www.shtrudel.net,web
74,סלט חסה עם תותים וצ׳יפס חלומי זעתר,https://www.instagram.com/p/DERwmDTsp4f/,www.instagram.com,social
74,סלט ציזיקי,https://www.instagram.com/reel/DBqIMFGs3Jz/?igsh=eW5pbTdpam0wNXdj,www.instagram.com,social
74,סלט חסה עם טופינג של פירורי לחם ופרמזן,https://www.instagram.com/p/DEcbYsCMcA1/,www.instagram.com,social
74,Sumac Carrot and Feta Salad,https://cosetteskitchen.com/recipe/sumac_carrotsalad,cosetteskitchen.com,web
74,Jajik (Cucumber Yogurt & Mint Salad),https://www.hungrypaprikas.com/jajik-cucumber-yogurt-salad/,www.hungrypaprikas.com,web
74,Oven Roasted Carrots with Maple Cinnamon,https://www.isabeleats.com/oven-roasted-carrots/,www.isabeleats.com,web
74,"סלט חסה ,פקאן ותותים",https://www.instagram.com/reel/CneTtcThfQK/?igsh=dmwwd2doNzB0OHRp,www.instagram.com,social
75,סלט ענבים קייצי ומרענן,https://www.darhealthyway.com/%D7%9E%D7%AA%D7%9B%D7%95%D7%A0%D7%99%D7%9D-%D7%9C%D7%A1%D7%9C%D7%98%D7%99%D7%9D/%D7%A1%D7%9C%D7%98-%D7%A2%D7%A0%D7%91%D7%99%D7%9D-%D7%A7%D7%99%D7%99%D7%A6%D7%99-%D7%95%D7%9E%D7%A8%D7%A2%D7%A0%D7%9F,www.darhealthyway.com,web
75,"סלט של מפונקים –חסה , תותים ,אבוקדו וקשיו",https://foody.co.il/foody_recipe/%d7%a1%d7%9c%d7%98-%d7%a9%d7%9c-%d7%9e%d7%a4%d7%95%d7%a0%d7%a7%d7%99%d7%9d-%d7%97%d7%a1%d7%94-%d7%aa%d7%95%d7%aa%d7%99%d7%9d-%d7%90%d7%91%d7%95%d7%a7%d7%93%d7%95-%d7%95%d7%a7%d7%a9%d7%99%d7%95/,foody.co.il,web
75,סלט פומלה,https://www.instagram.com/p/DD35UPlIrGy/,www.instagram.com,social
75,Easy Watermelon Salad,https://www.isabeleats.com/easy-watermelon-salad/,www.isabeleats.com,web
75,Easy Pasta Salad,https://www.monpetitfour.com/easy-pasta-salad-recipe/,www.monpetitfour.com,web
75,Vegan Mediterranean Pasta Salad,https://www.hungrypaprikas.com/vegan-mediterranean-pasta-salad/,www.hungrypaprikas.com,web
75,Lebanese Potato Salad,https://cosetteskitchen.com/lebanese-potato-salad,cosetteskitchen.com,web
75,סלט קינואה עם חמוציות ואגוזים,https://foody.co.il/foody_recipe/%D7%A1%D7%9C%D7%98-%D7%A7%D7%99%D7%A0%D7%95%D7%90%D7%94-%D7%A2%D7%9D-%D7%97%D7%9E%D7%95%D7%A6%D7%99%D7%95%D7%AA-%D7%95%D7%90%D7%92%D7%95%D7%96%D7%99%D7%9D/,foody.co.il,web
76,סלט קינואה בטטה,https://foody.co.il/foody_recipe/%D7%A1%D7%9C%D7%98-%D7%A7%D7%99%D7%A0%D7%95%D7%90%D7%94-%D7%91%D7%98%D7%98%D7%94-%D7%94%D7%9B%D7%99-%D7%98%D7%A2%D7%99%D7%9D-%D7%A9%D7%99%D7%A9/,foody.co.il,web
76,סלט קינואה בסגנון איטלקי,https://www.instagram.com/reel/CsleRmdobIY/?igsh=MXN4ZWFuNGJuMHcycw%3D%3D,www.instagram.com,social
76,Lime Cumin Quinoa,https://www.flourandspiceblog.com/lime-cumin-quinoa/,www.flourandspiceblog.com,web
76,סלט בורגול וחומוס בצנצנת,https://www.facebook.com/reel/979776357364441,www.facebook.com,social
76,סלט קוסקוס וסלמון,https://www.instagram.com/reel/DCL-FWcM43y/?igsh=dDc4djgyMTB2NnZ5,www.instagram.com,social
76,סלט קוסקוס עם עשבי תיבול,https://heli-group.co.il/recipes/%D7%A1%D7%9C%D7%98-%D7%91%D7%A8%D7%99%D7%90%D7%95%D7%AA%D7%A7%D7%95%D7%A1%D7%A7%D7%95%D7%A1-%D7%A2%D7%9D-%D7%A2%D7%A9%D7%91%D7%99-%D7%AA%D7%99%D7%91%D7%95%D7%9C/,heli-group.co.il,web
76,סלט קוסקוס קיצי עם ירקות,https://www.instagram.com/reel/CtJ18gnIUEF/?igsh=cW9zanlrcm5tc3py,www.instagram.com,social
76,סלט פטריות חם,https://foody.co.il/foody_recipe/%D7%9E%D7%AA%D7%9B%D7%95%D7%9F-%D7%9E%D7%94%D7%99%D7%A8-%D7%A1%D7%9C%D7%98-%D7%A4%D7%98%D7%A8%D7%99%D7%95%D7%AA-%D7%97%D7%9D-%D7%91-10-%D7%93%D7%A7%D7%95%D7%AA/,foody.co.il,web
77,Sauteed Mushrooms with Garlic and Parsley (Funghi Trifolati),https://www.italianrecipebook.com/sauteed-mushrooms-with-garlic-and-parsley/,www.italianrecipebook.com,web
77,"Mushroom sandwich with pine nuts, raisins and capers",https://www.greatitalianchefs.com/recipes/vegetarian-sandwich-recipe-with-mushrooms,www.greatitalianchefs.com,web
77,פטריות פרמז’ן,https://foody.co.il/foody_recipe/%D7%A9%D7%91%D7%A8-%D7%90%D7%AA-%D7%94%D7%A8%D7%A9%D7%AA-%D7%9E%D7%AA%D7%9B%D7%95%D7%9F-%D7%9C%D7%A4%D7%98%D7%A8%D7%99%D7%95%D7%AA-%D7%A4%D7%A8%D7%9E%D7%96%D7%9F-%D7%9E%D7%98%D7%A8%D7%99%D7%A4/,foody.co.il,web
77,פטריות ממולאות בגבינות,https://www.ronyohananov.com/post/%D7%A4%D7%98%D7%A8%D7%99%D7%95%D7%AA-%D7%9E%D7%9E%D7%95%D7%9C%D7%90%D7%95%D7%AA-%D7%91%D7%92%D7%91%D7%99%D7%A0%D7%95%D7%AA?fbclid=IwY2xjawH_iGNleHRuA2FlbQIxMAABHZIfMvahn1hq2BWfJg5MIByAC_TvFQP4LzPAmihcjmngdkqs6SwrbC9GGA_aem,www.ronyohananov.com,web
77,Champignons Farci,http://delicioushouse.blogspot.com/2012/08/julia-childs-gruyere-stuffed-mushrooms.html,delicioushouse.blogspot.com,web
77,Mexican Arepas Stuffed with Spicy Sautéed Mushrooms,https://muybuenocookbook.com/mexican-arepas-stuffed-spicy-sauteed-mushrooms/,muybuenocookbook.com,web
77,כרובית שלמה בתנור,https://www.shtrudel.net/kruvit,www.shtrudel.net,web
78,שיפודי כרובית,https://www.ronyohananov.com/post/%D7%A9%D7%99%D7%A4%D7%95%D7%93%D7%99-%D7%9B%D7%A8%D7%95%D7%91%D7%99%D7%AA,www.ronyohananov.com,web
78,כרובית מטוגנת,https://www.instagram.com/anat_elisha_kitchen/reel/Ct4dAYwseuO/,www.instagram.com,social
78,סטייק כרובית,https://www.instagram.com/reel/CnKL3F7hDx9/?igsh=ZW9raWM2ZWprbGJt,www.instagram.com,social
78,Spicy Whole Roasted Cauliflower,https://www.flourandspiceblog.com/spicy-whole-roasted-cauliflower/,www.flourandspiceblog.com,web
78,Classic Guacamole,https://muybuenocookbook.com/super-bowl-o-mole/,muybuenocookbook.com,web
78,Guacamole,https://www.moms-mexican-recipes.com/guacamole-recipe,www.moms-mexican-recipes.com,web
78,Healthy Avocado Salad,https://www.isabeleats.com/avocado-salad/,www.isabeleats.com,web
78,The Ultimate Avocado Egg Salad,https://www.hungrypaprikas.com/the-ultimate-avocado-egg-salad/,www.hungrypaprikas.com,web
79,Green Beans In Tomato Sauce Italian Stewed Green Beans) ),https://www.italianrecipebook.com/green-beans-in-tomato-sauce-italian-stewed-green-beans/,www.italianrecipebook.com,web
79,גרנולה מלוחה לסלט,https://www.quaker.co.il/%D7%9E%D7%AA%D7%9B%D7%95%D7%A0%D7%99%D7%9D/%d7%92%d7%a8%d7%a0%d7%95%d7%9c%d7%94_%d7%9e%d7%9c%d7%95%d7%97%d7%94_%d7%9c%d7%a1%d7%9c%d7%98,www.quaker.co.il,web
79,תבליןeverything but the bagel,https://www.instagram.com/reel/CsMOrIfsKR1/?igsh=MmkxZm92MDQ2MTZ1,www.instagram.com,social
79,רוטב לסלט,https://www.instagram.com/reel/C1_n1jfMNJQ/?igsh=MXFtdjVrb2RmbXBt,www.instagram.com,social
79,5 דיפים,https://www.shtrudel.net/dip,www.shtrudel.net,web
80,ספגטי עגבניות,https://www.shtrudel.net/spa,www.shtrudel.net,web
80,פסטה עגבניות עם זיתים ושום כתוש,https://www.instagram.com/reel/CfRC6NfjCX6/?igsh=MTh5bGZzMWFpMW12Zg%3D%3D,www.instagram.com,social
80,פסטה עגבניות בסיר אחד,https://danielamit.foody.co.il/foody_recipe/%d7%a4%d7%a1%d7%98%d7%94-%d7%a2%d7%92%d7%91%d7%a0%d7%99%d7%95%d7%aa-%d7%91%d7%a1%d7%99%d7%a8-%d7%90%d7%97%d7%93/,danielamit.foody.co.il,web
80,Pasta with Tomato Cream Sauce,https://www.monpetitfour.com/pasta-with-tomato-cream-sauce/,www.monpetitfour.com,web
80,Spaghetti al pomodoro,https://www.greatitalianchefs.com/recipes/spaghetti-al-pomodoro-recipe,www.greatitalianchefs.com,web
80,פסטה אדומה,https://foody.co.il/foody_recipe/5-%D7%9E%D7%A8%D7%9B%D7%99%D7%91%D7%99%D7%9D-%D7%91-5-%D7%93%D7%A7%D7%95%D7%AA-%D7%A4%D7%A1%D7%98%D7%94-%D7%90%D7%93%D7%95%D7%9E%D7%94-%D7%9B%D7%9E%D7%95-%D7%A9%D7%9C-%D7%90%D7%99%D7%9E%D7%90/,foody.co.il,web
80,פסטה של פעם,https://www.instagram.com/danielamit/reel/C3LGwlYN111/,www.instagram.com,social
81,פסטה קרם שרי,https://danielamit.foody.co.il/foody_recipe/%D7%A4%D7%A1%D7%98%D7%94-%D7%A7%D7%A8%D7%9D-%D7%A9%D7%A8%D7%99/,danielamit.foody.co.il,web
81,פסטה ברוטב עגבניות – המתכון המושלם של ג׳ו ביידן,https://160cal.com/%D7%A4%D7%A1%D7%98%D7%94-%D7%91%D7%A8%D7%95%D7%98%D7%91-%D7%A2%D7%92%D7%91%D7%A0%D7%99%D7%95%D7%AA-%D7%94%D7%9E%D7%AA%D7%9B%D7%95%D7%9F-%D7%94%D7%9E%D7%95%D7%A9%D7%9C%D7%9D-%D7%A9%D7%9C-%D7%92%D7%B3/,160cal.com,web
81,Penne Pasta with Roasted Cherry Tomatoes & Black Olives,https://www.italianrecipebook.com/pasta-with-roasted-cherry-tomatoes-black-olives/,www.italianrecipebook.com,web
81,פסטה שמנת פטריות,https://www.shtrudel.net/pitriot,www.shtrudel.net,web
81,פסטה שמנת ופטריות,https://foody.co.il/foody_recipe/%D7%A4%D7%A1%D7%98%D7%94-%D7%91%D7%A8%D7%95%D7%98%D7%91-%D7%A9%D7%9E%D7%A0%D7%AA-%D7%95%D7%A4%D7%98%D7%A8%D7%99%D7%95%D7%AA/,foody.co.il,web
81,פסטה שמנת פטריות,https://www.ronyohananov.com/post/%D7%91%D7%A4%D7%A1%D7%98%D7%94-%D7%91%D7%A8%D7%95%D7%98%D7%91-%D7%A9%D7%9E%D7%A0%D7%AA-%D7%9B%D7%9E%D7%95-%D7%91%D7%9E%D7%A1%D7%A2%D7%93%D7%95%D7%AA,www.ronyohananov.com,web
81,פסטה שמנת פטריות בסיר אחד,https://danielamit.foody.co.il/foody_recipe/%D7%A4%D7%A1%D7%98%D7%94-%D7%A9%D7%9E%D7%A0%D7%AA-%D7%A4%D7%98%D7%A8%D7%99%D7%95%D7%AA-%D7%91%D7%A1%D7%99%D7%A8-%D7%90%D7%97%D7%93/,danielamit.foody.co.il,web
81,Garlicky Mushroom Spaghetti,https://blog.britishcornershop.co.uk/2018/06/garlicky-mushroom-spaghetti/,blog.britishcornershop.co.uk,web
82,פסטה רוזה,https://www.shtrudel.net/rose,www.shtrudel.net,web
82,פסטה רוזה לעצלנים משקיענים,https://www.instagram.com/reel/DBbfnSfs7bz/?igsh=MXZvOHMwZ3FqZDJnNQ%3D%3D,www.instagram.com,social
82,פסטה ברוטב רוזה לעצלנים,https://www.instagram.com/reel/CwKXp5psUB4/?igsh=NjJnMHpwdDk2ZWVn,www.instagram.com,social
82,פסטה רוזה מסקרפונה בסיר אחד,https://danielamit.foody.co.il/foody_recipe/%D7%A4%D7%A1%D7%98%D7%94-%D7%A8%D7%95%D7%96%D7%94-%D7%9E%D7%A1%D7%A7%D7%A8%D7%A4%D7%95%D7%A0%D7%94-%D7%91%D7%A1%D7%99%D7%A8-%D7%90%D7%97%D7%93/,danielamit.foody.co.il,web
82,פסטה שמתבשלת ברוטב של עצמה,https://danielamit.foody.co.il/foody_recipe/%D7%A4%D7%A1%D7%98%D7%94-%D7%A9%D7%9E%D7%AA%D7%91%D7%A9%D7%9C%D7%AA-%D7%91%D7%A8%D7%95%D7%98%D7%91-%D7%A9%D7%9C-%D7%A2%D7%A6%D7%9E%D7%94/,danielamit.foody.co.il,web
82,פסטה שמנת סלמון,https://www.shtrudel.net/pastasal,www.shtrudel.net,web
82,פסטה שומנת,https://www.shtrudel.net/shumenet,www.shtrudel.net,web
82,פסטה שמנת בסיר אחד,https://www.shtrudel.net/pastacream,www.shtrudel.net,web
83,פסטה טונה,https://www.shtrudel.net/pastatuna,www.shtrudel.net,web
83,פסטה טונה בסיר אחד,https://www.instagram.com/reel/ChCO_Icj65W/?igsh=eHpwYnB2anRiY3Ro,www.instagram.com,social
83,פסטה סיציליאנית,https://www.instagram.com/tv/CVNK7HijPAh/?igsh=MXVtNHZoaHdvNjEycQ%3D%3D,www.instagram.com,social
83,פסטה ברוטב חמאה ולימון,https://foody.co.il/foody_recipe/%D7%A4%D7%99%D7%A0%D7%95%D7%A7-%D7%91%D7%9B%D7%9E%D7%94-%D7%93%D7%A7%D7%95%D7%AA-%D7%A4%D7%A1%D7%98%D7%94-%D7%91%D7%A8%D7%95%D7%98%D7%91-%D7%97%D7%9E%D7%90%D7%94-%D7%95%D7%9C%D7%99%D7%9E%D7%95%D7%9F/,foody.co.il,web
83,Lemon Cream Sauce Pasta,https://www.monpetitfour.com/lemon-cream-sauce-pasta/,www.monpetitfour.com,web
83,פסטה אליו אוליו,https://foody.co.il/foody_recipe/%D7%A4%D7%A1%D7%98%D7%94-%D7%90%D7%9C%D7%99%D7%95-%D7%90%D7%95%D7%9C%D7%99%D7%95/,foody.co.il,web
83,פסטה אליו אוליו,https://foody.co.il/foody_recipe/%D7%9C%D7%98%D7%A8%D7%95%D7%A3-%D7%90%D7%95%D7%AA%D7%94-%D7%A4%D7%A1%D7%98%D7%94-%D7%90%D7%9C%D7%99%D7%95-%D7%90%D7%95%D7%9C%D7%99%D7%95-%D7%9E%D7%AA%D7%95%D7%91%D7%9C%D7%AA-%D7%9C%D7%A9%D7%9C%D7%9E/,foody.co.il,web
83,פסטה בקרם תירס ופרמז׳ן,https://www.instagram.com/elad_levi14/reel/C6qldlNsD51/,www.instagram.com,social
84,מק אנד צ'יז,https://www.shtrudel.net/macandcheese,www.shtrudel.net,web
84,Macaroni B’halib (macaroni and cheese),https://cosetteskitchen.com/macaroni-bhalib-macaroni-and-cheese,cosetteskitchen.com,web
84,ניוקי אה לה רומנה ברוטב שמנת וערמונים,https://foody.co.il/foody_recipe/%D7%A0%D7%99%D7%95%D7%A7%D7%99-%D7%90%D7%94-%D7%9C%D7%94-%D7%A8%D7%95%D7%9E%D7%A0%D7%94-%D7%91%D7%A8%D7%95%D7%98%D7%91-%D7%A9%D7%9E%D7%A0%D7%AA-%D7%95%D7%A2%D7%A8%D7%9E%D7%95%D7%A0%D7%99%D7%9D/,foody.co.il,web
84,ספגטי בולונז,https://www.shtrudel.net/spaghetti,www.shtrudel.net,web
84,Simple Bolognese,https://www.monpetitfour.com/simple-bolognese-recipe/,www.monpetitfour.com,web
84,נודלס,https://www.instagram.com/lioroooosh/reel/C9PE-cgoy8m/,www.instagram.com,social
84,לזניה,https://www.shtrudel.net/lazanya,www.shtrudel.net,web
84,לזניה שמנת פטריות,https://www.shtrudel.net/laza,www.shtrudel.net,web
85,לזניה ארבע גבינות,https://www.shtrudel.net/lasanya,www.shtrudel.net,web
85,תפוח אדמה מוקרם,https://www.shtrudel.net/mukram,www.shtrudel.net,web
85,תפוחי אדמה ברוטב שמנת פטריות,https://www.youtube.com/watch?v=id2LS2GQUjw,www.youtube.com,social
85,גרטן אישי,https://www.facebook.com/watch/?v=708258896962437,www.facebook.com,social
85,"תפו""א מוקרם כמו בקניון",https://www.shtrudel.net/lagba,www.shtrudel.net,web
85,גראטן תפוחי אדמה צרפתי,https://www.mako.co.il/food-cooking_magazine/french-recipes/Recipe-6acdfbc3271bb41006.htm,www.mako.co.il,web
85,גראטן,https://www.instagram.com/dani.and.food/reel/CsDn9LvIcyM/,www.instagram.com,social
86,פוטטוס,https://www.shtrudel.net/potatoes,www.shtrudel.net,web
86,הום פרייז,https://www.shtrudel.net/homefries,www.shtrudel.net,web
86,תפוחי אדמה ממכרים,https://www.youtube.com/watch?v=dlLXU0KjnBo,www.youtube.com,social
86,כדורי פירה,https://www.shtrudel.net/pire,www.shtrudel.net,web
86,צ'יפס,https://www.shtrudel.net/fries,www.shtrudel.net,web
86,"תפו""א מעוכים",https://www.shtrudel.net/smashed,www.shtrudel.net,web
86,תפוחי אדמה בתנור,https://www.instagram.com/reel/Cl3UPP3jXuV/?igsh=ZnlzZDEzN2N6MDF2,www.instagram.com,social
87,Mexican Potatoes,https://www.isabeleats.com/mexican-crispy-roasted-potatoes/,www.isabeleats.com,web
87,בטטות צלויות בדבש,https://www.facebook.com/watch/?v=966744772145654,www.facebook.com,social
87,אורז הפתעות,https://www.shtrudel.net/rice,www.shtrudel.net,web
87,מג'דרה,https://www.shtrudel.net/maj,www.shtrudel.net,web
87,Carrot Rice (Iraqi Timman Jizar),https://www.hungrypaprikas.com/carrot-rice/,www.hungrypaprikas.com,web
87,Arabic Rice with Vermicelli (Traditional Recipe),https://www.hungrypaprikas.com/arabic-rice-with-vermicelli/,www.hungrypaprikas.com,web
87,פתיתים אדומים,https://www.shtrudel.net/pti,www.shtrudel.net,web
88,מוקפץ עוף עם ירקות,https://www.shtrudel.net/mukpatz,www.shtrudel.net,web
88,פסטה בסיר אחד עם חזה עוף ופטריות,https://www.ronyohananov.com/post/%D7%90%D7%A8%D7%95%D7%97%D7%AA-%D7%A4%D7%A1%D7%98%D7%94-%D7%A2%D7%9D-%D7%A2%D7%95%D7%A3-%D7%95%D7%A4%D7%98%D7%A8%D7%99%D7%95%D7%AA-%D7%91%D7%A1%D7%99%D7%A8-%D7%90%D7%97%D7%93,www.ronyohananov.com,web
88,חזה עוף מוקפץ בחמוץ מתוק,https://www.instagram.com/noa_einat/reel/C1ohWEWICRW/,www.instagram.com,social
88,שווארמה,https://www.shtrudel.net/shawa,www.shtrudel.net,web
88,שיפודי עוף,https://www.facebook.com/shtrudel.il/videos/334076617296635/,www.facebook.com,social
88,The JUICIEST Chicken Kabobs Ever!,https://www.isabeleats.com/chicken-kabobs/,www.isabeleats.com,web
88,שניצל,https://www.shtrudel.net/zel,www.shtrudel.net,web
89,שניצל קריספי,https://www.instagram.com/reel/Cw9ztJmMcKO/?igsh=NW4yNmEwOW5vOGpt,www.instagram.com,social
89,שניצל,https://foody.co.il/foody_recipe/%D7%9E%D7%93%D7%A8%D7%99%D7%9A-%D7%9C%D7%94%D7%9B%D7%A0%D7%AA-%D7%A9%D7%A0%D7%99%D7%A6%D7%9C-%D7%90%D7%A7%D7%A1%D7%98%D7%A8%D7%94-%D7%A7%D7%A8%D7%99%D7%A1%D7%A4%D7%99-%D7%9E%D7%95%D7%A9%D7%9C%D7%9D/,foody.co.il,web
89,Oven Baked Chicken Breasts,https://muybuenocookbook.com/baked-chicken-breasts/,muybuenocookbook.com,web
89,פילה עוף של התקתוקים,https://www.instagram.com/reel/CvUFze7tY_0/?igsh=N2JkcXpwMXd4cXJ6,www.instagram.com,social
89,פילה עוף עם אפונה וגזר,https://www.instagram.com/reel/C9cVBiJs_It/?igsh=a3l3aDQ3dWNsZmVm,www.instagram.com,social
89,פילה עוף על הפלנצ'ה,https://www.instagram.com/shiriamit1/reel/C4NLeEaITzI/,www.instagram.com,social
89,קציצות חזה עוף,https://www.instagram.com/coral.hota/reel/CytaPZfsuzm/?hl=he,www.instagram.com,social
89,פאד תאי,https://www.shtrudel.net/padthai,www.shtrudel.net,web
90,נודלס עוף ברוטב חמאת בוטנים,https://www.shtrudel.net/noodles,www.shtrudel.net,web
90,נודלס קוריאני,https://www.bishulim.co.il/%D7%9E%D7%AA%D7%9B%D7%95%D7%9F/%D7%A0%D7%95%D7%93%D7%9C%D7%A1-%D7%A2%D7%9D-%D7%98%D7%A8%D7%99%D7%A7?utm_source=instagram&utm_medium=story_shtrudel&utm_campaign=oct&fbclid=IwY2xjawH6LUpleHRuA2FlbQIxMAABHXJSFLaGMz5BJp8uGvUAsrAaeHCP,www.bishulim.co.il,web
90,אטריות אודון שמנמנות ברוטב חמאת בוטנים עם פילה עוף,https://www.instagram.com/reel/C9e6bYQMeKD/?igsh=MWYyNGFxcG5qdXR6dw%3D%3D,www.instagram.com,social
90,מוקפץ עוף וירקות ברוטב חמאת בוטנים,https://www.lioroooosh.com/post/%D7%9E%D7%95%D7%A7%D7%A4%D7%A5-%D7%A2%D7%95%D7%A3-%D7%95%D7%99%D7%A8%D7%A7%D7%95%D7%AA-%D7%91%D7%A8%D7%95%D7%98%D7%91-%D7%97%D7%9E%D7%90%D7%AA-%D7%91%D7%95%D7%98%D7%A0%D7%99%D7%9D,www.lioroooosh.com,web
90,ארוחת נודלס בסיר אחד,https://www.ronyohananov.com/post/%D7%90%D7%A8%D7%95%D7%97%D7%AA-%D7%A0%D7%95%D7%93%D7%9C%D7%A1-%D7%91%D7%A1%D7%99%D7%A8-%D7%90%D7%97%D7%93,www.ronyohananov.com,web
90,עוף חמוץ מתוק סיני ברוטב שום ודבש,https://foody.co.il/foody_recipe/%d7%a2%d7%95%d7%a3-%d7%97%d7%9e%d7%95%d7%a5-%d7%9e%d7%aa%d7%95%d7%a7-%d7%a1%d7%99%d7%a0%d7%99-%d7%91%d7%a8%d7%95%d7%98%d7%91-%d7%a9%d7%95%d7%9d-%d7%95%d7%93%d7%91%d7%a9-%d7%9e%d7%a9%d7%92%d7%a2/,foody.co.il,web
90,חזה עוף בתפוזים,https://www.facebook.com/watch/?mibextid=oFDknk&v=276835748198630&rdid=IUMw27uaWTHaCZM0,www.facebook.com,social
90,תבשיל חזה עוף קטיפתי ובריא,https://www.instagram.com/ronyohanan/reel/C_YLTPgNT9Y/,www.instagram.com,social
91,טוסט חזה עוף בטוסטר,https://www.youtube.com/watch?v=df9-5tFK93s,www.youtube.com,social
91,Mexican Chicken Marinade,https://www.isabeleats.com/mexican-chicken-marinade/,www.isabeleats.com,web
91,באטר צ’ יקן - תבשיל עוף בסגנון הודי,https://foody.co.il/foody_recipe/%D7%91%D7%90%D7%98%D7%A8-%D7%A6%D7%99%D7%A7%D7%9F-%D7%AA%D7%91%D7%A9%D7%99%D7%9C-%D7%A2%D7%95%D7%A3-%D7%91%D7%A1%D7%92%D7%A0%D7%95%D7%9F-%D7%94%D7%95%D7%93%D7%99/,foody.co.il,web
91,Baked Chicken Fajitas,https://www.flourandspiceblog.com/fajitas/,www.flourandspiceblog.com,web
91,Singaporean Rice with Noodles and Chicken,https://www.flourandspiceblog.com/singaporean-rice/,www.flourandspiceblog.com,web
91,המבורגר,https://www.shtrudel.net/burger,www.shtrudel.net,web
91,פאד קפאו,https://www.shtrudel.net/pad,www.shtrudel.net,web
91,פאד קפאו,https://www.facebook.com/reel/1646859755951231,www.facebook.com,social
"92,93",טורטיה עם בשר,https://foody.co.il/foody_recipe/%D7%98%D7%95%D7%A8%D7%98%D7%99%D7%94-%D7%A2%D7%9D-%D7%91%D7%A9%D7%A8/,foody.co.il,web
92,קבבונים,https://www.shtrudel.net/kebab,www.shtrudel.net,web
92,Kafta Kabob (Easy & Freezer Friendly),https://www.hungrypaprikas.com/middle-eastern-beef-kofta/,www.hungrypaprikas.com,web
92,Lahm Bi Ajeen,https://www.hungrypaprikas.com/lahm-bi-ajeen/,www.hungrypaprikas.com,web
92,לחמעג׳ון,https://www.shtrudel.net/jun,www.shtrudel.net,web
92,קציצות ברוטב,https://www.shtrudel.net/meatballs,www.shtrudel.net,web
92,ספגטי עם כדורי בשר רכים,https://www.ronyohananov.com/post/%D7%A1%D7%A4%D7%92%D7%98%D7%99-%D7%A2%D7%9D-%D7%9B%D7%93%D7%95%D7%A8%D7%99-%D7%91%D7%A9%D7%A8-%D7%A8%D7%9B%D7%99%D7%9D,www.ronyohananov.com,web
92,ספגטי מיטבולס,https://www.lioroooosh.com/post/%D7%A1%D7%A4%D7%92%D7%98%D7%99-%D7%9E%D7%99%D7%98%D7%91%D7%95%D7%9C%D7%A1,www.lioroooosh.com,web
93,Polpette (Italian Meatballs In Rich Tomato Sauce),https://www.italianrecipebook.com/polpette/,www.italianrecipebook.com,web
93,Mexican Meatballs with Three Spicy Dipping Sauces,https://muybuenocookbook.com/mexican-meatballs-with-three-spicy-dipping-sauces/,muybuenocookbook.com,web
93,סלופי ג'ו,https://foody.co.il/foody_recipe/%D7%9B%D7%A9%D7%91%D7%90-%D7%9E%D7%A9%D7%94%D7%95-%D7%9E%D7%94%D7%99%D7%A8-%D7%95%D7%98%D7%A2%D7%99%D7%9D-%D7%9E%D7%9B%D7%99%D7%A0%D7%99%D7%9D-%D7%A1%D7%9C%D7%95%D7%A4%D7%99-%D7%92%D7%95/,foody.co.il,web
93,עראייס בטוסטר,https://www.shtrudel.net/arais,www.shtrudel.net,web
93,בורקס בשר ופטריות,https://www.ronyohananov.com/post/%D7%91%D7%95%D7%A8%D7%A7%D7%A1-%D7%91%D7%A9%D7%A8-%D7%95%D7%A4%D7%98%D7%A8%D7%99%D7%95%D7%AA-%D7%9E%D7%A9%D7%A4%D7%97%D7%AA%D7%99,www.ronyohananov.com,web
93,מקלות בייגלה ממולאות בבשר,https://www.ronyohananov.com/post/%D7%9E%D7%A7%D7%9C%D7%95%D7%AA-%D7%91%D7%99%D7%99%D7%92%D7%9C%D7%94-%D7%9E%D7%9E%D7%95%D7%9C%D7%90%D7%95%D7%AA-%D7%91%D7%91%D7%A9%D7%A8,www.ronyohananov.com,web
94,בורקס בשר,https://www.shtrudel.net/burekas,www.shtrudel.net,web
94,לחמניות בשר,https://www.shtrudel.net/meatbun,www.shtrudel.net,web
94,ציבורקי,https://www.ronyohananov.com/post/%D7%A6%D7%99%D7%91%D7%95%D7%A8%D7%A7%D7%99-%D7%9E%D7%90%D7%A4%D7%94-%D7%9E%D7%98%D7%95%D7%92%D7%9F-%D7%9E%D7%94%D7%9E%D7%98%D7%91%D7%97-%D7%94%D7%91%D7%95%D7%9B%D7%A8%D7%99,www.ronyohananov.com,web
94,פירוגי,https://www.ynet.co.il/food/recipies/article/rJu4Mfi6D,www.ynet.co.il,web
94,בקלאווה בשר טורקית,https://www.ronyohananov.com/post/%D7%91%D7%A7%D7%9C%D7%90%D7%95%D7%95%D7%94-%D7%91%D7%A9%D7%A8-%D7%98%D7%95%D7%A8%D7%A7%D7%99%D7%AA,www.ronyohananov.com,web
94,פאי רועים,https://www.shtrudel.net/pie,www.shtrudel.net,web
94,Hashweh Rice (Arabic Keema Rice with ground beef),https://www.hungrypaprikas.com/hashweh-rice/,www.hungrypaprikas.com,web
94,"עוף ותפו""א בתנור",https://www.shtrudel.net/chicken,www.shtrudel.net,web
95,"תבנית עוף ותפו""א",https://www.instagram.com/reel/ChZcw7Ajcmp/?igsh=bWxkNDBuYmdmODdq,www.instagram.com,social
95,עוף בבצל מקורמל,https://www.shtrudel.net/%D7%A2%D7%95%D7%A3-%D7%91%D7%91%D7%A6%D7%9C-%D7%9E%D7%A7%D7%95%D7%A8%D7%9E%D7%9C/,www.shtrudel.net,web
95,עוף בדבש,https://www.shtrudel.net/honeychicken,www.shtrudel.net,web
95,Musakhan Rolls,https://www.hungrypaprikas.com/musakhan-rolls/,www.hungrypaprikas.com,web
95,Honey Garlic Chicken Fakeaway,https://www.hungrypaprikas.com/honey-garlic-chicken-fakeaway/,www.hungrypaprikas.com,web
95,Classic Coq Au Vin Chicken in Red Wine) ),https://vikalinka.com/coq-au-vin-the-ultimate-one-pot-dinner/,vikalinka.com,web
95,"שוקי עוף בתנור עם דבש , לימון ואורגנו",https://foody.co.il/foody_recipe/%D7%A2%D7%95%D7%A3-%D7%A9%D7%9C-%D7%A7%D7%99%D7%A5-%D7%A4%D7%95%D7%9C%D7%A7%D7%A2%D7%95%D7%AA-%D7%A9%D7%9C-%D7%A2%D7%95%D7%A3-%D7%A2%D7%9D-%D7%93%D7%91%D7%A9-%D7%9C%D7%99%D7%9E%D7%95%D7%9F-%D7%90/,foody.co.il,web
95,פפריקש עוף הונגרי,https://foody.co.il/foody_recipe/%D7%A4%D7%A4%D7%A8%D7%99%D7%A7%D7%A9-%D7%A2%D7%95%D7%A3/,foody.co.il,web
96,עוף ותפוחי אדמה בשקית קוקי,https://foody.co.il/foody_recipe/%D7%9E%D7%9C%D7%99-%D7%9E%D7%90%D7%99%D7%A8%D7%95%D7%91-%D7%94%D7%99%D7%90-%D7%94%D7%A7%D7%95%D7%A7%D7%99-%D7%94%D7%9C%D7%90%D7%95%D7%9E%D7%99%D7%AA-%D7%A2%D7%95%D7%A3-%D7%95%D7%AA%D7%A4%D7%95%D7%97/,foody.co.il,web
96,Chicken Shawarma Plate,https://www.hungrypaprikas.com/chicken-shawarma-plate/,www.hungrypaprikas.com,web
96,Sumac Chicken and Onion (Sheet Pan Dinner),https://www.hungrypaprikas.com/sumac-chicken/,www.hungrypaprikas.com,web
96,Chicken Machboos Saudi Arabian Kabsa) ),https://www.hungrypaprikas.com/chicken-machboos/,www.hungrypaprikas.com,web
96,One Pot Chicken and Rice,https://www.hungrypaprikas.com/one-pot-chicken-and-rice/,www.hungrypaprikas.com,web
96,Arabic Biryani with Chicken | Authentic Iraqi Recipe,https://www.hungrypaprikas.com/arabic-biryani-with-chicken/,www.hungrypaprikas.com,web
97,RUHAMA’S LEMONY ZA’ATAR CHICKEN,https://www.instagram.com/jewlishbyjamie/reel/DExqN7rJLFl/,www.instagram.com,social
97,Baked Honey Za'atar Chicken,https://www.hungrypaprikas.com/honey-zaatar-chicken/,www.hungrypaprikas.com,web
97,פרגית,https://www.shtrudel.net/pargit,www.shtrudel.net,web
97,פרגית על הפלנצ'ה,https://www.instagram.com/reel/C4dNk7Vo6_Y/?igsh=MXdtYTl5Y2F0b2hrMQ%3D%3D,www.instagram.com,social
97,שווארמה פרגית תוצרת בית,https://foody.co.il/foody_recipe/%D7%9E%D7%94-%D7%9C%D7%A9%D7%99%D7%9D-%D7%9C%D7%9A-%D7%91%D7%A4%D7%99%D7%AA%D7%94-%D7%A9%D7%95%D7%95%D7%90%D7%A8%D7%9E%D7%94-%D7%A4%D7%A8%D7%92%D7%99%D7%AA-%D7%AA%D7%95%D7%A6%D7%A8%D7%AA-%D7%91%D7%99/,foody.co.il,web
97,צ'יפס ופרגית קומפלט,https://www.ronyohananov.com/post/%D7%A6-%D7%99%D7%A4%D7%A1-%D7%95%D7%A4%D7%A8%D7%92%D7%99%D7%AA-%D7%A7%D7%95%D7%9E%D7%A4%D7%9C%D7%98-%D7%9E%D7%A0%D7%94-%D7%94%D7%A6%D7%92%D7%94,www.ronyohananov.com,web
97,ארוחת פסטה עם פרגיות בסיר אחד,https://www.ronyohananov.com/post/%D7%90%D7%A8%D7%95%D7%97%D7%AA-%D7%A4%D7%A1%D7%98%D7%94-%D7%A2%D7%9D-%D7%A4%D7%A8%D7%92%D7%99%D7%95%D7%AA-%D7%91%D7%A1%D7%99%D7%A8-%D7%90%D7%97%D7%93,www.ronyohananov.com,web
97,סופלקי פרגיות במחבת,https://www.ronyohananov.com/post/%D7%A1%D7%95%D7%A4%D7%9C%D7%A7%D7%99-%D7%A4%D7%A8%D7%92%D7%99%D7%95%D7%AA-%D7%91%D7%9E%D7%97%D7%91%D7%AA?fbclid=IwZXh0bgNhZW0CMTAAAR2xMgFl_RoDxV-ALbQMeSFqDyfgslHmquUywU62irgtnbe1jIFAVmqggsw_aem_6u0p6fie7_kEYvnvziALcg,www.ronyohananov.com,web
98,פיתות ממולאות בעוף,https://foody.co.il/foody_recipe/%D7%A4%D7%99%D7%AA%D7%95%D7%AA-%D7%9E%D7%9E%D7%95%D7%9C%D7%90%D7%95%D7%AA-%D7%91%D7%A2%D7%95%D7%A3-%D7%A4%D7%A9%D7%95%D7%98-%D7%A7%D7%9C-%D7%95%D7%98%D7%A2%D7%99%D7%9D/,foody.co.il,web
98,שווארמה פרגית בטורטייה,https://www.instagram.com/master_chef_israel/reel/C7DoxwPI6I-/,www.instagram.com,social
98,שיפודי עוף במשרה אסייתית,https://www.sch.co.il/%d7%a9%d7%99%d7%a4%d7%95%d7%93%d7%99-%d7%a2%d7%95%d7%a3-%d7%91%d7%9e%d7%a9%d7%a8%d7%94-%d7%90%d7%a1%d7%99%d7%99%d7%aa%d7%99%d7%aa/?fbclid=IwZXh0bgNhZW0CMTAAAR2DUzl5MZ4jc5nC6TDb_tjtaDhfbaaTiDMhUXXgQtdUURXScjvuqKvD938_aem_bno2YFithFpBx4,www.sch.co.il,web
98,נודלס ילדים,https://www.instagram.com/reel/C-j3nZAMTdM/?igsh=YnVlbHBseDJkNmdl,www.instagram.com,social
98,קציצות מפרגית ברוטב,https://www.facebook.com/watch/?v=733846404376805,www.facebook.com,social
98,כדורי פרגית ברוטב סצ’ואן,https://foody.co.il/foody_recipe/%D7%9B%D7%93%D7%95%D7%A8%D7%99-%D7%A4%D7%A8%D7%92%D7%99%D7%AA-%D7%91%D7%A8%D7%95%D7%98%D7%91-%D7%A1%D7%A6%D7%95%D7%90%D7%9F/,foody.co.il,web
98,תבשיל כוסמת חורפי,https://www.ynet.co.il/food/recipies/article/rk9800hEhv,www.ynet.co.il,web
98,צלי בקר ברוטב פטריות,https://www.shtrudel.net/bakar,www.shtrudel.net,web
99,נודלס מוקפץ עם בקר וברוקולי,https://foody.co.il/foody_recipe/%D7%9E%D7%A0%D7%94-%D7%96%D7%A8%D7%99%D7%96%D7%94-%D7%95%D7%9E%D7%A2%D7%95%D7%9C%D7%94-%D7%A0%D7%95%D7%93%D7%9C%D7%A1-%D7%9E%D7%95%D7%A7%D7%A4%D7%A5-%D7%A2%D7%9D-%D7%91%D7%A7%D7%A8-%D7%95%D7%91%D7%A8/,foody.co.il,web
99,בשר מוקפץ עם חצילים ברוטב סויה מתקתק ועדין,https://www.instagram.com/danareicher/reel/C69A1FgI8O_/,www.instagram.com,social
99,Beef Burrito,https://www.moms-mexican-recipes.com/beef-burrito-recipe,www.moms-mexican-recipes.com,web
99,תבשיל בקר ביין ושזיפים,https://www.shtrudel.net/bakarshezif,www.shtrudel.net,web
99,סטיקי ביף,https://www.bishulim.co.il/%D7%9E%D7%AA%D7%9B%D7%95%D7%9F/%D7%A1%D7%98%D7%99%D7%A7%D7%99-%D7%91%D7%99%D7%A3,www.bishulim.co.il,web
99,Julia Child’s Boeuf Bourguignon,https://littleferrarokitchen.com/julia-childs-boeuf-bourguignon/,littleferrarokitchen.com,web
99,Shawarma Poutine with Beef,https://www.hungrypaprikas.com/shawarma-poutine/,www.hungrypaprikas.com,web
99,גולאש אסאדו,https://www.instagram.com/reel/CrQ_0dYMjzN/?igsh=MWZobmR5aXZ4OGwwaQ%3D%3D,www.instagram.com,social
100,אסאדו,https://www.shtrudel.net/asado,www.shtrudel.net,web
100,אסאדו שאי אפשר להרוס,https://www.instagram.com/reel/CloyzSajNaA/?igsh=MXYzMDFobHhmeHVlMQ%3D%3D,www.instagram.com,social
100,אסאדו מתפרק,https://www.facebook.com/watch/?v=1168914427006683,www.facebook.com,social
100,אסאדו עם פירות יבשים,https://www.instagram.com/reel/DAfb2x3soqD/?igsh=MXNiMWR0ajlmbTRqbg%3D%3D,www.instagram.com,social
100,לחמניות אסאדו,https://www.facebook.com/watch/?v=551082846807892,www.facebook.com,social
100,חלת אסאדו,https://www.facebook.com/watch/?v=799540817995981,www.facebook.com,social
100,בורקס אסאדו,https://www.instagram.com/reel/CnH07bqhYyu/?igsh=MTlxMXczNTc4b3NwNw%3D%3D,www.instagram.com,social
100,צלעות בזיגוג דבש,https://www.shtrudel.net/ribs,www.shtrudel.net,web
101,קבב טלה על סלט טורקי אמיתי,https://www.hashulchan.co.il/%D7%9E%D7%AA%D7%9B%D7%95%D7%A0%D7%99%D7%9D/%D7%A7%D7%91%D7%91-%D7%98%D7%9C%D7%94-%D7%A2%D7%9C-%D7%A1%D7%9C%D7%98-%D7%98%D7%95%D7%A8%D7%A7%D7%99-%D7%90%D7%9E%D7%99%D7%AA%D7%99/,www.hashulchan.co.il,web
101,Maqluba (Makloubeh) with Lamb Arabic rice dish) ),https://www.hungrypaprikas.com/maqluba/,www.hungrypaprikas.com,web
101,Baked Kafta with Potatoes (Kafta Bi- Siniyeh),https://cosetteskitchen.com/baked-kafta-with-potatoes,cosetteskitchen.com,web
101,כנפיים בסילאן ושומשום,https://foody.co.il/foody_recipe/%D7%9B%D7%A0%D7%A4%D7%99%D7%99%D7%9D-%D7%91%D7%A1%D7%99%D7%9C%D7%90%D7%9F-%D7%95%D7%A9%D7%95%D7%9E%D7%A9%D7%95%D7%9D/,foody.co.il,web
101,כנפיים במרינדת קפה,https://foody.co.il/foody_recipe/%D7%9B%D7%A0%D7%A4%D7%99%D7%99%D7%9D-%D7%91%D7%9E%D7%A8%D7%99%D7%A0%D7%93%D7%AA-%D7%A7%D7%A4%D7%94/,foody.co.il,web
101,כנפיים ברוטב טריאקי וצ׳ילי מתוק,https://foody.co.il/foody_recipe/%D7%9B%D7%A0%D7%A4%D7%99%D7%99%D7%9D-%D7%91%D7%A8%D7%95%D7%98%D7%91-%D7%98%D7%A8%D7%99%D7%90%D7%A7%D7%99-%D7%95%D7%A6%D7%B3%D7%99%D7%9C%D7%99-%D7%9E%D7%AA%D7%95%D7%A7/,foody.co.il,web
101,סטייק,https://www.instagram.com/reel/CwhYSWPs7Q4/?igsh=MXQzdHJlaHNqdjhlag%3D%3D,www.instagram.com,social
101,סנדוויץ ’ בריסקט עם סלט כרוב יפני,https://foody.co.il/foody_recipe/%d7%9c%d7%97%d7%9e%d7%a0%d7%99%d7%99%d7%aa-%d7%a7%d7%99%d7%99%d7%98%d7%a0%d7%94-%d7%a2%d7%9d-%d7%91%d7%a8%d7%99%d7%a1%d7%a7%d7%98-%d7%91%d7%91%d7%99%d7%a9%d7%95%d7%9c-%d7%90%d7%99%d7%98%d7%99-%d7%95/,foody.co.il,web
102,נקניקיות פרעצל,https://www.shtrudel.net/nak,www.shtrudel.net,web
102,פסטרמה הודו ביתית,https://foody.co.il/foody_recipe/%d7%a4%d7%a1%d7%98%d7%a8%d7%9e%d7%94-%d7%94%d7%95%d7%93%d7%95-%d7%91%d7%99%d7%aa%d7%99%d7%aa-%d7%a9%d7%9c-%d7%90%d7%99%d7%99%d7%9c%d7%aa-%d7%94%d7%99%d7%a8%d7%a9%d7%9e%d7%9f/?auto=1,foody.co.il,web
102,פסטרמה בהכנה ביתית,https://www.hatafrit.co.il/lunch-recipes/%D7%A4%D7%A1%D7%98%D7%A8%D7%9E%D7%94-%D7%91%D7%94%D7%9B%D7%A0%D7%94-%D7%91%D7%99%D7%AA%D7%99%D7%AA,www.hatafrit.co.il,web
102,פסטרמה הום מייד,https://www.instagram.com/liron_sapir_food/reel/CpLBZHwImK5/,www.instagram.com,social
102,סודוך,https://www.youtube.com/watch?v=_VfZ2T6_IEo,www.youtube.com,social
102,קרוקטים מטוגנים,https://foody.co.il/foody_recipe/%D7%9B%D7%9A-%D7%AA%D7%9B%D7%99%D7%A0%D7%95-%D7%91%D7%91%D7%99%D7%AA-%D7%A7%D7%A8%D7%95%D7%A7%D7%98%D7%99%D7%9D-%D7%9E%D7%98%D7%95%D7%92%D7%A0%D7%99%D7%9D-%D7%9E%D7%95%D7%A9%D7%9C%D7%9E%D7%99%D7%9D/,foody.co.il,web
103,פילה סלמון בתנור,https://www.shtrudel.net/salmon,www.shtrudel.net,web
103,פילה סלמון בטריאקי,https://www.shtrudel.net/salmont,www.shtrudel.net,web
103,סלמון בתפוזים,https://www.instagram.com/reel/CnUnRpBhlsN/?igsh=MWJydzZuN3cxM2oyZA%3D%3D,www.instagram.com,social
103,סלמון במייפל,https://www.instagram.com/reel/CwC9aBdsCLN/?igsh=OGV1OGthejFjcmlz,www.instagram.com,social
103,סלמון עם מנגו,https://www.instagram.com/reel/C81Fc8DM3EP/?igsh=bWpndHZpanZzamhy,www.instagram.com,social
103,שיפודי סלמון בשומשום,https://www.facebook.com/watch/?v=279912277303896,www.facebook.com,social
104,סלמון עם ירקות,https://www.instagram.com/einavhakounfood/reel/C-IaAnHog2L/,www.instagram.com,social
104,קוביות סלמון,https://www.instagram.com/reel/ChRdLm5jqap/?igsh=MW15cHNqMWJjZGhxeQ%3D%3D,www.instagram.com,social
104,קוביות סלמון ברוטב אסייתי,https://danielamit.foody.co.il/foody_recipe/%D7%A7%D7%95%D7%91%D7%99%D7%95%D7%AA-%D7%A1%D7%9C%D7%9E%D7%95%D7%9F-%D7%91%D7%A8%D7%95%D7%98%D7%91-%D7%90%D7%A1%D7%99%D7%99%D7%AA%D7%99/,danielamit.foody.co.il,web
104,שניצלוני סלמון בפנקו,https://foody.co.il/foody_recipe/%D7%A9%D7%A0%D7%99%D7%A6%D7%9C%D7%95%D7%A0%D7%99-%D7%A1%D7%9C%D7%9E%D7%95%D7%9F-%D7%91%D7%A4%D7%A0%D7%A7%D7%95/,foody.co.il,web
104,פילה דג סלמון אפוי בחרדל דיז'ון,https://www.mako.co.il/food-cooking_magazine/french-recipes/Recipe-626fa83d7c54b41006.htm,www.mako.co.il,web
104,סלמון ברוטב שמנת לעצלנים,https://www.instagram.com/reel/CuUD60MsRDh/?igsh=MTBpNzF4ODRpNnA0Yw%3D%3D,www.instagram.com,social
104,Pan Seared Salmon with Arugula and Cream Sauce,https://cosetteskitchen.com/pan-seared-salmon-with-arugula-and-cream-sauce,cosetteskitchen.com,web
104,קבב דג ים,https://www.facebook.com/shtrudel.il/videos/820127382014055/,www.facebook.com,social
105,דג מרוקאי,https://www.shtrudel.net/marrocanfish,www.shtrudel.net,web
105,כדורי חלה ממולאים בדג מרוקאי,https://www.shtrudel.net/dag,www.shtrudel.net,web
105,פיש אנד צ'יפס,https://fb.watch/1POW_diW8W/,fb.watch,web
105,Sole Meunière,http://www.tastewiththeeyes.com/2017/08/sole-meuniere-la-julia-child/,www.tastewiththeeyes.com,web
105,Sole Meunière,https://www.instagram.com/reel/DFL8a_tyqFM/?igsh=MTNzaTRpcXB5MDM4ZA%3D%3D,www.instagram.com,social
105,פילה ברמונדי עם פירה,https://www.shtrudel.net/bara,www.shtrudel.net,web
105,קציצות טונה אפויות,https://www.shtrudel.net/tuna,www.shtrudel.net,web
106,French Onion Soup,https://www.monpetitfour.com/french-onion-soup-2/,www.monpetitfour.com,web
106,מרק בצל צרפתי,https://danielamit.foody.co.il/foody_recipe/%D7%9E%D7%A8%D7%A7-%D7%91%D7%A6%D7%9C-%D7%A6%D7%A8%D7%A4%D7%AA%D7%99-%D7%A9%D7%9C-%D7%94%D7%97%D7%99%D7%99%D7%9D/,danielamit.foody.co.il,web
106,מרק בצל,https://www.instagram.com/reel/Co5DazqjnCi/?igsh=Z3dwMW96Z3dnM3hl,www.instagram.com,social
106,מרק שלושת הבצלים,https://www.shiriamit.co.il/post/%D7%9E%D7%A8%D7%A7-%D7%A9%D7%9C%D7%95%D7%A9%D7%AA-%D7%94%D7%91%D7%A6%D7%9C%D7%99%D7%9D,www.shiriamit.co.il,web
106,מרק תירס,https://danielamit.foody.co.il/foody_recipe/%D7%9E%D7%A8%D7%A7-%D7%AA%D7%99%D7%A8%D7%A1-%D7%90%D7%A1%D7%99%D7%90%D7%AA%D7%99/,danielamit.foody.co.il,web
106,מרק תירס,https://www.shtrudel.net/corn,www.shtrudel.net,web
106,מרק תירס אסייתי,https://foody.co.il/foody_recipe/%d7%9e%d7%a8%d7%a7-%d7%aa%d7%99%d7%a8%d7%a1-%d7%9e%d7%a9%d7%92%d7%a2-%d7%91-10-%d7%93%d7%a7%d7%95%d7%aa-%d7%a2%d7%91%d7%95%d7%93%d7%94/,foody.co.il,web
107,מרק תירס אסייתי,https://www.shtrudel.net/%d7%9e%d7%a8%d7%a7-%d7%aa%d7%99%d7%a8%d7%a1-%d7%90%d7%a1%d7%99%d7%99%d7%aa%d7%99/,www.shtrudel.net,web
107,מרק תירס,https://www.ronyohananov.com/post/%D7%9E%D7%A8%D7%A7-%D7%AA%D7%99%D7%A8%D7%A1-%D7%9E-5-%D7%9E%D7%A8%D7%9B%D7%99%D7%91%D7%99%D7%9D,www.ronyohananov.com,web
107,מרק כרובית,https://foody.co.il/foody_recipe/%D7%9E%D7%A8%D7%A7-%D7%9B%D7%A8%D7%95%D7%91%D7%99%D7%AA-%D7%9E%D7%95%D7%A7%D7%A8%D7%9D-%D7%9B%D7%9F-%D7%9B%D7%96%D7%94-%D7%98%D7%A2%D7%99%D7%9D-%D7%9B%D7%9E%D7%95-%D7%A4%D7%A2%D7%9D/,foody.co.il,web
107,מרק עוף לקוסקוס,https://www.shtrudel.net/chisu,www.shtrudel.net,web
107,מרק כתום,https://www.shtrudel.net/soup,www.shtrudel.net,web
107,מרק כתום,https://netacooks.co.il/%D7%9E%D7%A8%D7%A7-%D7%9B%D7%AA%D7%95%D7%9D-%D7%9E%D7%AA%D7%9B%D7%95%D7%9F-%D7%9E%D7%94%D7%99%D7%A8/,netacooks.co.il,web
107,מרק עגבניות צלויות,https://www.shtrudel.net/%D7%9E%D7%A8%D7%A7-%D7%A2%D7%92%D7%91%D7%A0%D7%99%D7%95%D7%AA-%D7%A6%D7%9C%D7%95%D7%99%D7%95%D7%AA/,www.shtrudel.net,web
107,מרק מינסטרונה,https://www.quaker.co.il/%D7%9E%D7%AA%D7%9B%D7%95%D7%A0%D7%99%D7%9D/%d7%9e%d7%aa%d7%9b%d7%95%d7%9f_%d7%9c%d7%9e%d7%a8%d7%a7_%d7%9e%d7%99%d7%a0%d7%a1%d7%98%d7%a8%d7%95%d7%a0%d7%94,www.quaker.co.il,web
108,מרק ירקות חורפי,https://www.quaker.co.il/%D7%9E%D7%AA%D7%9B%D7%95%D7%A0%D7%99%D7%9D/%d7%9e%d7%a8%d7%a7_%d7%99%d7%a8%d7%a7%d7%95%d7%aa_%d7%97%d7%95%d7%a8%d7%a4%d7%99,www.quaker.co.il,web
109,חלות כמו של הגן,https://www.shtrudel.net/challa,www.shtrudel.net,web
109,כדורי חלה עם הפתעות,https://www.shtrudel.net/hala,www.shtrudel.net,web
109,חלה קלאסית,https://www.mako.co.il/food-cooking_magazine/the-winning-recipe-my-winning-recipe/Recipe-9cf8cc9deafe951006.htm,www.mako.co.il,web
109,חלת דבש,https://www.shtrudel.net/halat,www.shtrudel.net,web
109,חלת דבש והדרים,https://foody.co.il/foody_recipe/%d7%94%d7%97%d7%9c%d7%94-%d7%94%d7%9e%d7%aa%d7%95%d7%a7%d7%94-%d7%a9%d7%9c%d7%9b%d7%9d-%d7%97%d7%9c%d7%aa-%d7%93%d7%91%d7%a9-%d7%95%d7%94%d7%93%d7%a8%d7%99%d7%9d-%d7%9c%d7%a8%d7%90%d7%a9-%d7%94%d7%a9/?referer=89255,foody.co.il,web
109,חל ת שישי,https://www.instagram.com/reel/ChtvXv_DlXM/?utm_source=ig_embed&ig_rid=4b90ef5c-51ab-419e-9277-ca5fd215e653,www.instagram.com,social
109,חלה של שישי,https://www.facebook.com/watch/?v=242603584364387,www.facebook.com,social
110,חלה,https://www.ronyohananov.com/post/%D7%9E%D7%AA%D7%9B%D7%95%D7%9F-%D7%9C%D7%97%D7%9C%D7%94-%D7%A7%D7%9C%D7%90%D7%A1%D7%99%D7%AA-%D7%95%D7%94%D7%9E%D7%93%D7%A8%D7%99%D7%9A-%D7%94%D7%9E%D7%9C%D7%90-%D7%9C%D7%97%D7%9C%D7%AA-%D7%9E%D7%A4%D7%AA%D7%97,www.ronyohananov.com,web
110,חלת פטריות מהיער הקסום,https://www.ronyohananov.com/post/%D7%97%D7%9C%D7%AA-%D7%A4%D7%98%D7%A8%D7%99%D7%95%D7%AA-%D7%9E%D7%94%D7%99%D7%A2%D7%A8-%D7%94%D7%A7%D7%A1%D7%95%D7%9D,www.ronyohananov.com,web
110,חלת שום קונפי,https://www.ronyohananov.com/post/%D7%97%D7%9C%D7%AA-%D7%9B%D7%AA%D7%A8-%D7%A9%D7%95%D7%9D-%D7%A7%D7%95%D7%A0%D7%A4%D7%99,www.ronyohananov.com,web
110,חלות פרווה לשבת,https://foody.co.il/foody_recipe/%D7%9C%D7%A7%D7%9C%D7%95%D7%A2-%D7%91%D7%95%D7%9C-%D7%97%D7%9C%D7%95%D7%AA-%D7%A4%D7%A8%D7%95%D7%95%D7%94-%D7%9C%D7%A9%D7%91%D7%AA/,foody.co.il,web
110,חלה מתוקה,https://foody.co.il/foody_recipe/%d7%97%d7%9c%d7%94-%d7%9e%d7%aa%d7%95%d7%a7%d7%94-%d7%9e%d7%95%d7%a9%d7%9c%d7%9e%d7%aa-%d7%9c%d7%a9%d7%91%d7%aa/?referer=113691,foody.co.il,web
110,חלה מתוקה,https://foody.co.il/foody_recipe/%d7%97%d7%9c%d7%95%d7%aa-%d7%9e%d7%aa%d7%95%d7%a7%d7%95%d7%aa-%d7%9c%d7%a9%d7%91%d7%aa/?referer=131233,foody.co.il,web
110,חלה מתוקה,https://foody.co.il/foody_recipe/%d7%97%d7%9c%d7%94-%d7%9e%d7%aa%d7%95%d7%a7%d7%94-%d7%9c%d7%a9%d7%91%d7%aa/,foody.co.il,web
111,חלת שבת מתוקה אבל בגרסת הבולנז’רי,https://foody.co.il/foody_recipe/%D7%91%D7%A8%D7%99%D7%95%D7%A9-%D7%9B%D7%9E%D7%95-%D7%97%D7%9C%D7%AA-%D7%A9%D7%91%D7%AA-%D7%9E%D7%AA%D7%95%D7%A7%D7%94-%D7%90%D7%91%D7%9C-%D7%91%D7%92%D7%A8%D7%A1%D7%AA-%D7%94%D7%91%D7%95%D7%9C%D7%A0/,foody.co.il,web
111,חלה לשבת ללא קליעה,https://foody.co.il/foody_recipe/%d7%97%d7%9c%d7%94-%d7%9c%d7%a9%d7%91%d7%aa-%d7%9c%d7%9c%d7%90-%d7%a7%d7%9c%d7%99%d7%a2%d7%94/,foody.co.il,web
111,חלת זברה,https://foody.co.il/foody_recipe/%D7%97%D7%9C%D7%AA-%D7%96%D7%91%D7%A8%D7%94/,foody.co.il,web
111,חלה קלאסית עם קוואקר,https://www.quaker.co.il/%D7%9E%D7%AA%D7%9B%D7%95%D7%A0%D7%99%D7%9D/%D7%97%D7%9C%D7%94_%D7%A7%D7%9C%D7%90%D7%A1%D7%99%D7%AA_%D7%A2%D7%9D_%D7%A7%D7%95%D7%95%D7%90%D7%A7%D7%A8,www.quaker.co.il,web
111,חלת שום ועשבי תיבול,https://www.facebook.com/watch/?v=251403113581820,www.facebook.com,social
111,לחם יוגורט יפני רך אוורירי,https://danone.strauss-group.com/recipes/%D7%97%D7%9C%D7%AA-%D7%94%D7%96%D7%97%D7%9C-%D7%94%D7%A8%D7%A2%D7%91/,danone.strauss-group.com,web
111,לחם קראסט פציח,https://www.instagram.com/maayan.shtrudel/reel/Cs-aQSQtiX7/,www.instagram.com,social
111,לחם צרפתי בשקית קוקי,https://www.ronyohananov.com/post/%D7%9C%D7%97%D7%9D-%D7%A6%D7%A8%D7%A4%D7%AA%D7%99-%D7%A9%D7%9E%D7%9B%D7%99%D7%A0%D7%99%D7%9D-%D7%91%D7%A9%D7%A7%D7%99%D7%AA,www.ronyohananov.com,web
112,לחם בריאות עם גרעינים,https://foody.co.il/foody_recipe/%d7%9c%d7%97%d7%9d-%d7%92%d7%a8%d7%a2%d7%99%d7%a0%d7%99%d7%9d/,foody.co.il,web
112,Honeycomb Bread Stuffed with Cheese (Khaliat Nahl),https://www.hungrypaprikas.com/honeycomb-bread/,www.hungrypaprikas.com,web
112,Whole Grain Bread Loaf,https://skandibaking.com/grovbrod-whole-grain-bread-loaf/,skandibaking.com,web
112,Potato Bread,https://skandibaking.com/kartoffelbrod-potato-bread/,skandibaking.com,web
112,Simply Sandwich Bread,https://sallysbakingaddiction.com/sandwich-bread/,sallysbakingaddiction.com,web
112,לחם כוסמין ביתי,https://www.angel.co.il/doc/%D7%9E%D7%AA%D7%9B%D7%95%D7%9F-%D7%9C%D7%94%D7%9B%D7%A0%D7%AA-%D7%9C%D7%97%D7%9D-%D7%9B%D7%95%D7%A1%D7%9E%D7%99%D7%9F-%D7%91%D7%99%D7%AA%D7%99,www.angel.co.il,web
112,Quick Sourdough Bread,https://natashasbaking.com/quick-sourdough-bread/,natashasbaking.com,web
112,לחם טחינה,https://www.shtrudel.net/tehina,www.shtrudel.net,web
113,Tahini Banana Bread,https://cosetteskitchen.com/tahini-banana-bread,cosetteskitchen.com,web
113,Homemade White Bread,https://www.africanbites.com/basic-homemade-white-bread/,www.africanbites.com,web
113,Mallorca Bread,https://www.africanbites.com/marllorca/,www.africanbites.com,web
113,Mealie Bread,https://www.africanbites.com/mealie-bread-south-african-corn-bread/,www.africanbites.com,web
113,Conchas (Mexican Sweet Bread),https://muybuenocookbook.com/conchas-magimix-food-processor-giveaway/,muybuenocookbook.com,web
113,Conchas (Mexican Sweet Bread),https://www.isabeleats.com/conchas/,www.isabeleats.com,web
113,לחמניות בית ספר,https://foody.co.il/foody_recipe/%D7%9C%D7%97%D7%9E%D7%A0%D7%99%D7%95%D7%AA-%D7%91%D7%99%D7%AA-%D7%A1%D7%A4%D7%A8/,foody.co.il,web
113,לחמניות קוואקר וגרעינים,https://adikosh.co.il/uncategorized/%D7%9C%D7%97%D7%9E%D7%A0%D7%99%D7%95%D7%AA-%D7%A7%D7%95%D7%95%D7%90%D7%A7%D7%A8-%D7%95%D7%92%D7%A8%D7%A2%D7%99%D7%A0%D7%99%D7%9D-%D7%A1%D7%95%D7%A4%D7%A8-%D7%A8%D7%9B%D7%95%D7%AA/,adikosh.co.il,web
114,לחמניות כוסמין,https://www.facebook.com/watch/?v=150367196594353,www.facebook.com,social
114,Herbed Dinner Rolls,https://www.monpetitfour.com/herbed-dinner-rolls-2/,www.monpetitfour.com,web
114,לחמניות מרקו,https://www.instagram.com/noa_einat/reel/Cz-nBrxowVD/,www.instagram.com,social
114,לחמניות בריוש,https://foody.co.il/foody_recipe/??-?????-???-???????-?????-???????/,foody.co.il,web
114,לחמניות בריוש,https://www.hashulchan.co.il/%D7%9E%D7%AA%D7%9B%D7%95%D7%A0%D7%99%D7%9D/%D7%9C%D7%97%D7%9E%D7%A0%D7%99%D7%95%D7%AA-%D7%91%D7%A8%D7%99%D7%95%D7%A9/,www.hashulchan.co.il,web
114,לחמניות בצל מפרובאנס,https://www.hashulchan.co.il/%D7%9E%D7%AA%D7%9B%D7%95%D7%A0%D7%99%D7%9D/%D7%9C%D7%97%D7%9E%D7%A0%D7%99%D7%95%D7%AA-%D7%91%D7%A6%D7%9C-%D7%9E%D7%A4%D7%A8%D7%95%D7%91%D7%90%D7%A0%D7%A1/,www.hashulchan.co.il,web
114,לחמניות דבש רכות בעיצוב תפוחים,https://www.ronyohananov.com/post/%D7%9C%D7%97%D7%9E%D7%A0%D7%99%D7%95%D7%AA-%D7%93%D7%91%D7%A9-%D7%A8%D7%9B%D7%95%D7%AA-%D7%91%D7%A2%D7%99%D7%A6%D7%95%D7%91-%D7%AA%D7%A4%D7%95%D7%97%D7%99-%D7%A2%D7%A5,www.ronyohananov.com,web
114,לחמניות תלושותי גזר ודבש,https://foody.co.il/foody_recipe/%D7%9C%D7%97%D7%9E%D7%A0%D7%99%D7%95%D7%AA-%D7%AA%D7%9C%D7%95%D7%A9%D7%95%D7%AA%D7%99-%D7%92%D7%96%D7%A8-%D7%95%D7%93%D7%91%D7%A9-%D7%A2%D7%9D-%D7%98%D7%A8%D7%99%D7%A7-%D7%A1%D7%95%D7%93%D7%99/,foody.co.il,web
115,לחמניות שוקולד צ’יפס,https://foody.co.il/foody_recipe/%D7%9C%D7%97%D7%9E%D7%A0%D7%99%D7%95%D7%AA-%D7%A9%D7%95%D7%A7%D7%95%D7%9C%D7%93-%D7%A6%D7%99%D7%A4%D7%A1/,foody.co.il,web
115,לחמניות במילוי שוקולד,https://foody.co.il/foody_recipe/%D7%9C%D7%97%D7%9E%D7%A0%D7%99%D7%95%D7%AA-%D7%99%D7%A4%D7%94%D7%A4%D7%99%D7%95%D7%AA-%D7%91%D7%9E%D7%99%D7%9C%D7%95%D7%99-%D7%A9%D7%95%D7%A7%D7%95%D7%9C%D7%93/,foody.co.il,web
115,Spanish Style Sweet Rolls,https://joyofspanishcooking.com/spanish-style-sweet-rolls-2/,joyofspanishcooking.com,web
115,לחמניות דבש וקוואקר,https://www.quaker.co.il/%D7%9E%D7%AA%D7%9B%D7%95%D7%A0%D7%99%D7%9D/%d7%9c%d7%97%d7%9e%d7%a0%d7%99%d7%95%d7%aa_%d7%93%d7%91%d7%a9_%d7%95%d7%a7%d7%95%d7%95%d7%90%d7%a7%d7%a8,www.quaker.co.il,web
115,לחמניות דבש וקוואקר נתלשות,https://www.quaker.co.il/%D7%9E%D7%AA%D7%9B%D7%95%D7%A0%D7%99%D7%9D/%d7%9c%d7%97%d7%9e%d7%a0%d7%99%d7%95%d7%aa_%d7%93%d7%91%d7%a9_%d7%95%d7%a7%d7%95%d7%95%d7%90%d7%a7%d7%a8_%d7%a0%d7%aa%d7%9c%d7%a9%d7%95%d7%aa,www.quaker.co.il,web
115,פמפושקי -לחמניות שום,https://www.lioroooosh.com/post/%D7%A4%D7%9E%D7%A4%D7%95%D7%A9%D7%A7%D7%99,www.lioroooosh.com,web
115,לחמניות שום,https://www.ronyohananov.com/post/2018/07/07/-d7-9c-d7-97-d7-9d-d7-a9-d7-95-d7-9d,www.ronyohananov.com,web
116,בייגל ירושלמי,https://www.instagram.com/reel/C7bBaD7IhAn/,www.instagram.com,social
116,בייגל ירושלמי,https://www.anatelisha.co.il/%D7%91%D7%99%D7%99%D7%92%D7%9C-%D7%99%D7%A8%D7%95%D7%A9%D7%9C%D7%9E%D7%99/,www.anatelisha.co.il,web
116,כדורי בייגלה ירושלמי מקמח כוסמין,https://www.instagram.com/maayan.shtrudel/reel/C3VlSwdMpNw/,www.instagram.com,social
116,פרעצל,https://www.shtrudel.net/pretzel,www.shtrudel.net,web
116,פרעצל קלאסי מקמח כוסמין,https://www.quaker.co.il/%D7%9E%D7%AA%D7%9B%D7%95%D7%A0%D7%99%D7%9D/%d7%a4%d7%a8%d7%a2%d7%a6%d7%9c_%d7%a7%d7%9c%d7%90%d7%a1%d7%99,www.quaker.co.il,web
116,פרעצל שום וגבינת צ’דר : זהירות זה ממכר!,https://foody.co.il/foody_recipe/%D7%A4%D7%A8%D7%A2%D7%A6%D7%9C-%D7%A9%D7%95%D7%9D-%D7%95%D7%92%D7%91%D7%99%D7%A0%D7%AA-%D7%A6%D7%93%D7%A8-%D7%96%D7%94%D7%99%D7%A8%D7%95%D7%AA-%D7%96%D7%94-%D7%9E%D7%9E%D7%9B%D7%A8/,foody.co.il,web
116,בגט זיתים ללא לישה,https://www.instagram.com/reel/C6_1ZNxoA6X/?igsh=MTc3OHFhbmQxNDdxcg%3D%3D,www.instagram.com,social
117,Italian Bread,https://natashasbaking.com/italian-bread/,natashasbaking.com,web
117,Easy Flour Tortillas,https://www.isabeleats.com/authentic-mexican-flour-tortillas-white-whole-wheat-versions/,www.isabeleats.com,web
117,פיצה,https://www.shtrudel.net/pizza,www.shtrudel.net,web
117,ספידי פיצה,https://www.ronyohananov.com/post/%D7%A1%D7%A4%D7%99%D7%93%D7%99-%D7%A4%D7%99%D7%A6%D7%94,www.ronyohananov.com,web
117,פיצה טורטיה,https://fb.watch/1PNqct3ZFW/,fb.watch,web
117,פיצה ביתית כמו באיטליה,https://foody.co.il/foody_recipe/%D7%A4%D7%99%D7%A6%D7%94-%D7%91%D7%99%D7%AA%D7%99%D7%AA-%D7%9B%D7%9E%D7%95-%D7%91%D7%90%D7%99%D7%98%D7%9C%D7%99%D7%94/,foody.co.il,web
117,פיצה,https://foody.co.il/foody_recipe/%d7%91%d7%a6%d7%a7-%d7%a4%d7%99%d7%a6%d7%94-%d7%91%d7%98%d7%a2%d7%9d-%d7%a2%d7%a9%d7%99%d7%a8/?referer=98065,foody.co.il,web
117,פיצה ביאנקה עם תרד ובצל סגול,https://foody.co.il/foody_recipe/%d7%a7%d7%95%d7%a8%d7%90%d7%99%d7%9d-%d7%9c%d7%94-%d7%91%d7%99%d7%90%d7%a0%d7%a7%d7%94-%d7%a4%d7%99%d7%a6%d7%94-%d7%9c%d7%91%d7%a0%d7%94-%d7%a2%d7%9d-%d7%aa%d7%a8%d7%93-%d7%95%d7%91%d7%a6%d7%9c/?referer=131233,foody.co.il,web
118,פיצה ביאנקה עם גבינות,https://www.facebook.com/watch/?v=406577564681506,www.facebook.com,social
118,פיצה,https://www.instagram.com/reel/C6WAeREoOqe/?igsh=MXg5bHduYTlqMWFubw%3D%3D,www.instagram.com,social
118,פיצה,https://coralhota.co.il/recipes/%D7%A4%D7%99%D7%A6%D7%94-%D7%9E%D7%A0%D7%A6%D7%97%D7%AA/,coralhota.co.il,web
118,Pizza Margherita,https://www.monpetitfour.com/pizza-margherita-2/,www.monpetitfour.com,web
118,Pizza,https://cosetteskitchen.com/pizza,cosetteskitchen.com,web
118,פנזרוטי -פיצה מטוגנת,https://www.instagram.com/coral.hota/reel/DDt8s3dM4pU/,www.instagram.com,social
118,כדורי בייגלה ירושלמי במילוי פיצה,https://foody.co.il/foody_recipe/%D7%9B%D7%93%D7%95%D7%A8%D7%99-%D7%91%D7%99%D7%99%D7%92%D7%9C%D7%94-%D7%99%D7%A8%D7%95%D7%A9%D7%9C%D7%9E%D7%99-%D7%91%D7%9E%D7%99%D7%9C%D7%95%D7%99-%D7%A4%D7%99%D7%A6%D7%94/,foody.co.il,web
118,תבלין לפיצה,https://www.instagram.com/reel/C_ht78AsGlq/?igsh=d3NiejcycnlocTEw,www.instagram.com,social
119,Pizzette – Mini Pizza Bites With Assorted Toppings,https://www.italianrecipebook.com/pizzette-mini-pizza-bites/,www.italianrecipebook.com,web
119,Quick Tomato Tart,https://www.flourandspiceblog.com/quick-tomato-tart/,www.flourandspiceblog.com,web
119,טארט עגבניות ב- 5 מרכיבים,https://www.instagram.com/master_chef_israel/,www.instagram.com,social
119,טארט עגבניות,https://www.instagram.com/p/DE41K9CIM_4/,www.instagram.com,social
119,Mushroom Tart,https://cosetteskitchen.com/mushroom-tart,cosetteskitchen.com,web
119,Za'atar Focaccia,https://jamiegeller.com/recipes/zaatar-focaccia/,jamiegeller.com,web
119,פוקאצ'ה,https://www.shtrudel.net/foccacia,www.shtrudel.net,web
119,פוקאצ'ה,https://www.ronyohananov.com/post/%D7%94%D7%A4%D7%95%D7%A7%D7%90%D7%A6%D7%94-%D7%94%D7%9E%D7%A7%D7%A6%D7%95%D7%A2%D7%99%D7%AA-%D7%A9%D7%9C-%D7%94%D7%A1%D7%93%D7%A0%D7%90%D7%95%D7%AA,www.ronyohananov.com,web
120,פוקאצ'ה מבצק חלה,https://www.ronyohananov.com/post/%D7%A4%D7%95%D7%A7%D7%90%D7%A6-%D7%94-%D7%9E%D7%91%D7%A6%D7%A7-%D7%97%D7%9C%D7%94,www.ronyohananov.com,web
120,פוקאצ'ה פטריות,https://foody.co.il/foody_recipe/%D7%A4%D7%95%D7%A7%D7%90%D7%A6%D7%94-%D7%A4%D7%98%D7%A8%D7%99%D7%95%D7%AA-%D7%9E%D7%94%D7%99%D7%A8%D7%94/,foody.co.il,web
120,Focaccia Bread,https://www.monpetitfour.com/focaccia-bread-recipe/,www.monpetitfour.com,web
120,פוקצ'ה,https://www.quaker.co.il/%D7%9E%D7%AA%D7%9B%D7%95%D7%A0%D7%99%D7%9D/%d7%9e%d7%aa%d7%9b%d7%95%d7%9f_%d7%9c%d7%a4%d7%95%d7%a7%d7%a6%d7%94,www.quaker.co.il,web
120,פיתה זעתר,https://www.shtrudel.net/zatar,www.shtrudel.net,web
120,Manakish with Cheese and Za’atar,https://www.hungrypaprikas.com/manakish/,www.hungrypaprikas.com,web
120,צ’ פאטי הודי עם שום ופטרוזיליה,https://foody.co.il/foody_recipe/%D7%A6%D7%A4%D7%90%D7%98%D7%99-%D7%94%D7%95%D7%93%D7%99-%D7%A2%D7%9D-%D7%A9%D7%95%D7%9D-%D7%95%D7%A4%D7%98%D7%A8%D7%95%D7%96%D7%99%D7%9C%D7%99%D7%94-%D7%A9%D7%9B%D7%99%D7%A3-%D7%9C%D7%A0%D7%A9%D7%A0/,foody.co.il,web
121,לחמניות גבינה,https://www.ronyohananov.com/post/%D7%9C%D7%97%D7%9E%D7%A0%D7%99%D7%95%D7%AA-%D7%92%D7%91%D7%99%D7%A0%D7%94-%D7%9E%D7%95%D7%A9%D7%97%D7%AA%D7%95%D7%AA,www.ronyohananov.com,web
121,שבלולי גבינה,https://www.shtrudel.net/swirl,www.shtrudel.net,web
121,חטיפי פרמזן,https://www.shtrudel.net/parmesan,www.shtrudel.net,web
121,מקלות גבינה,https://www.shtrudel.net/cheesesticks,www.shtrudel.net,web
121,מקלות גבינה של מוצרלה וצ'דר,https://www.instagram.com/reel/CoZaTFZD99P/?igsh=MW0zOWt2NHNqaWdzMw%3D%3D,www.instagram.com,social
121,מקלות גבינה וזעתר,https://www.instagram.com/reel/CYoV9lZhfiW/?igsh=Y3dqNXEzMG53Z2cz,www.instagram.com,social
122,כדורי פרעצל מוצרלה,https://www.shtrudel.net/pretz,www.shtrudel.net,web
122,פצצות גבינה,https://www.shtrudel.net/peza,www.shtrudel.net,web
122,"כדורי גבינה על מקל בייגלה עם גבינת שמנת , שומשום ופפריקה",https://foody.co.il/foody_recipe/%D7%9B%D7%93%D7%95%D7%A8%D7%99-%D7%92%D7%91%D7%99%D7%A0%D7%94-%D7%A2%D7%9C-%D7%9E%D7%A7%D7%9C-%D7%91%D7%99%D7%99%D7%92%D7%9C%D7%94-%D7%A2%D7%9D-%D7%92%D7%91%D7%99%D7%A0%D7%AA-%D7%A9%D7%9E%D7%A0%D7%AA/,foody.co.il,web
122,מדלן פרמזן ועשבי תיבול,https://www.hashulchan.co.il/%D7%9E%D7%AA%D7%9B%D7%95%D7%A0%D7%99%D7%9D/%D7%9E%D7%93%D7%9C%D7%9F-%D7%A4%D7%A8%D7%9E%D7%96%D7%9F-%D7%95%D7%A2%D7%A9%D7%91%D7%99-%D7%AA%D7%99%D7%91%D7%95%D7%9C/,www.hashulchan.co.il,web
122,כדורי תירס וגבינות,https://www.shtrudel.net/tirasballs,www.shtrudel.net,web
122,מאפה גבינות,https://www.shtrudel.net/cheesepastry,www.shtrudel.net,web
122,בורקס משפחתי,https://www.shtrudel.net/mish,www.shtrudel.net,web
122,בורקס ארבע גבינות,https://www.shtrudel.net/4cheese,www.shtrudel.net,web
123,ריבועי בורקס,https://www.facebook.com/shtrudel.il/videos/381095836976314,www.facebook.com,social
123,מיני בורקס,https://www.instagram.com/reel/ChHZyn6joi3/?igsh=MWxhcHB1MXN2Z3cwaA%3D%3D,www.instagram.com,social
123,בורקס עם ביצה,https://www.instagram.com/reel/CYqdgBWhy4U/?igsh=cHh6YmhmMHRkazFj,www.instagram.com,social
123,בורקסביח,https://www.facebook.com/shtrudel.il/videos/641831749632343/,www.facebook.com,social
123,לחמניות שום גבינה,https://www.shtrudel.net/cheesebuns,www.shtrudel.net,web
123,לחם שום,https://www.facebook.com/watch/?v=5418560278180168,www.facebook.com,social
123,לחם שום נתלש,https://www.shtrudel.net/garlicbread,www.shtrudel.net,web
123,כדורי לחם שום,https://www.shtrudel.net/garlic,www.shtrudel.net,web
124,לחמניות שום עננים,https://www.shtrudel.net/%D7%9C%D7%97%D7%9E%D7%A0%D7%99%D7%95%D7%AA-%D7%A9%D7%95%D7%9D/,www.shtrudel.net,web
124,פיתה שום,https://fb.watch/1PO5EBmwE1/,fb.watch,web
124,לחם שום שעשוי מגבינה,https://www.facebook.com/watch/?v=499769684482275,www.facebook.com,social
124,מקלות שום,https://www.shtrudel.net/mak,www.shtrudel.net,web
124,Garlic Knots,https://www.monpetitfour.com/garlic-knots-recipe/,www.monpetitfour.com,web
124,שבלולי פיצה,https://www.shtrudel.net/pizzaswirl,www.shtrudel.net,web
124,Pizza Snails,https://skandibaking.com/pizzasnegle-pizza-snails/,skandibaking.com,web
124,פיצה הפוכה בנינג’ה גריל,https://foody.co.il/foody_recipe/%D7%A4%D7%99%D7%A6%D7%94-%D7%94%D7%A4%D7%95%D7%9B%D7%94-%D7%91%D7%A0%D7%99%D7%A0%D7%92%D7%94-%D7%92%D7%A8%D7%99%D7%9C/,foody.co.il,web
125,"רביולי""פיצה - ""מלחם",https://foody.co.il/foody_recipe/%d7%90%d7%99%d7%9a-%d7%9e%d7%9b%d7%99%d7%a0%d7%99%d7%9d-%d7%a8%d7%91%d7%99%d7%95%d7%9c%d7%99-%d7%9e%d7%9c%d7%97%d7%9d-%d7%a8%d7%91%d7%99%d7%95%d7%9c%d7%99-%d7%a4%d7%99%d7%a6%d7%94-%d7%9e%d7%90%d7%a8/,foody.co.il,web
125,Eggplant Pizzette (Eggplant Pizza Bites),https://www.italianrecipebook.com/eggplant-pizza-bites/,www.italianrecipebook.com,web
125,קרקר פיצוחים,https://www.instagram.com/ronyohanan/reel/C7vlcAUsOmO/,www.instagram.com,social
125,קרקרי בירה,https://www.ronyohananov.com/post/%D7%A7%D7%A8%D7%A7%D7%A8-%D7%91%D7%99%D7%A8%D7%94-%D7%A9%D7%90%D7%99%D7%9F-%D7%9C%D7%AA%D7%90%D7%A8,www.ronyohananov.com,web
125,Homemade Za’atar Spice Crackers,https://cosetteskitchen.com/homemade-zaatar-crackers,cosetteskitchen.com,web
125,קרקרים מלוחים עם פרמז' ן ורוזמרין,https://www.quaker.co.il/%D7%9E%D7%AA%D7%9B%D7%95%D7%A0%D7%99%D7%9D/%d7%a7%d7%a8%d7%a7%d7%a8%d7%99%d7%9d_%d7%9e%d7%9c%d7%95%d7%97%d7%99%d7%9d_%d7%a2%d7%9d_%d7%a4%d7%a8%d7%9e%d7%96%d7%9f_%d7%95%d7%a8%d7%95%d7%96%d7%9e%d7%a8%d7%99%d7%9f,www.quaker.co.il,web
125,Homemade Tortilla Chips,https://www.isabeleats.com/homemade-tortilla-chips/,www.isabeleats.com,web
125,Crispy Potato Tacos,https://muybuenocookbook.com/crispy-vegetarian-potato-tacos/,muybuenocookbook.com,web
126,חטיפי זיתים,https://www.shtrudel.net/zeitunim,www.shtrudel.net,web
126,בואיקוס זיתים,https://www.shtrudel.net/bui,www.shtrudel.net,web
126,מקלות בייגלה זיתים,https://www.instagram.com/tsinka_confiserie/reel/C2sUl8kIrYz/,www.instagram.com,social
126,חצ'פורי,https://www.shtrudel.net/puri,www.shtrudel.net,web
126,חצ’פורי ביתי בנינג’ה גריל,https://foody.co.il/foody_recipe/%D7%97%D7%A6%D7%A4%D7%95%D7%A8%D7%99-%D7%91%D7%99%D7%AA%D7%99-%D7%91%D7%A0%D7%99%D7%A0%D7%92%D7%94-%D7%92%D7%A8%D7%99%D7%9C/,foody.co.il,web
126,ארנצ’יני גבינות ופטריות,https://danielamit.foody.co.il/foody_recipe/%D7%90%D7%A8%D7%A0%D7%A6%D7%99%D7%A0%D7%99-%D7%92%D7%91%D7%99%D7%A0%D7%95%D7%AA-%D7%95%D7%A4%D7%98%D7%A8%D7%99%D7%95%D7%AA/,danielamit.foody.co.il,web
126,פולנטה,https://www.instagram.com/reel/Cn1yrxqj7D8/?igsh=MWI4NHYxeGRyeTVpNw%3D%3D,www.instagram.com,social
126,פנקייק פולנטה עם פטריות,https://www.shtrudel.net/polenta,www.shtrudel.net,web
127,טארט בצל אישי,https://www.shtrudel.net/tart,www.shtrudel.net,web
127,Bruschetta with Mushrooms and Fresh Cherry Tomatoes,https://www.italianrecipebook.com/bruschetta-with-mushrooms-and-fresh-cherry-tomatoes/,www.italianrecipebook.com,web
127,Za'atar & Feta Cheese Pies,https://www.hungrypaprikas.com/zaatar-feta-cheese-pies/,www.hungrypaprikas.com,web
128,פנקייק אוורירי,https://www.shtrudel.net/pancake,www.shtrudel.net,web
128,פנקייקים שמנמנים,https://www.facebook.com/watch/?v=1539137770293336,www.facebook.com,social
128,בייבי פנקייקים,https://www.shtrudel.net/babypan,www.shtrudel.net,web
128,פנקייק בננה,https://foody.co.il/foody_recipe/%D7%A4%D7%A0%D7%A7%D7%99%D7%99%D7%A7-%D7%91%D7%A0%D7%A0%D7%94-%D7%9E%D7%AA%D7%9B%D7%95%D7%9F-%D7%91-10-%D7%93%D7%A7%D7%95%D7%AA-%D7%94%D7%9B%D7%A0%D7%94/?referer=82248&utm_source=facebook&utm_medium=post&utm_campaign=recipe,foody.co.il,web
128,הפנקייק הסודי של המלכה אליזבת השנייה,https://food.walla.co.il/item/3530931,food.walla.co.il,web
128,פנקייק יפני,https://www.instagram.com/shahar.and.oren/reel/C39mOvpo_92/?hl=he,www.instagram.com,social
128,קייזרשמרן - פנקייקים אווריריים ורכים,https://www.instagram.com/moranlopatin_dietitian/reel/C1ROQlfIDgf/?next=%2Fp%2FCsZIkilrzP6%2F&ref=9gag&hl=ne,www.instagram.com,social
129,פנקייק קפה,https://foody.co.il/foody_recipe/%d7%a4%d7%a0%d7%a7%d7%99%d7%99%d7%a7-%d7%a7%d7%a4%d7%94-%d7%9b%d7%99-%d7%92%d7%9d-%d7%9c%d7%99%d7%9c%d7%93%d7%99%d7%9d-%d7%92%d7%93%d7%95%d7%9c%d7%99%d7%9d-%d7%9e%d7%95%d7%aa%d7%a8/?auto=1,foody.co.il,web
129,פנקייק קפה וייטנאמי,https://foody.co.il/foody_recipe/%d7%a4%d7%a0%d7%a7%d7%99%d7%99%d7%a7-%d7%a7%d7%a4%d7%94-%d7%95%d7%99%d7%99%d7%98%d7%a0%d7%90%d7%9e%d7%99/?auto=1,foody.co.il,web
129,פנקייק קוואקר ובננה,https://www.quaker.co.il/%D7%9E%D7%AA%D7%9B%D7%95%D7%A0%D7%99%D7%9D/%d7%a4%d7%a0%d7%a7%d7%99%d7%99%d7%a7_%d7%a7%d7%95%d7%95%d7%90%d7%a7%d7%a8_%d7%95%d7%91%d7%a0%d7%a0%d7%94,www.quaker.co.il,web
129,פנקייקס קוואקר מתוק עם הפתעות,https://www.quaker.co.il/%D7%9E%D7%AA%D7%9B%D7%95%D7%A0%D7%99%D7%9D/%d7%a4%d7%a0%d7%a7%d7%99%d7%99%d7%a7%d7%a1_%d7%a7%d7%95%d7%95%d7%90%d7%a7%d7%a8_%d7%9e%d7%aa%d7%95%d7%a7_%d7%a2%d7%9d_%d7%94%d7%a4%d7%aa%d7%a2%d7%95%d7%aa,www.quaker.co.il,web
129,פנקייק מלוח –קרוטית,https://www.quaker.co.il/%D7%9E%D7%AA%D7%9B%D7%95%D7%A0%D7%99%D7%9D/%d7%a4%d7%a0%d7%a7%d7%99%d7%99%d7%a7%d7%99%d7%9d_%d7%9e%d7%9c%d7%95%d7%97%d7%99%d7%9d,www.quaker.co.il,web
129,פנקייקיס מלוחים של קוואקר,https://www.quaker.co.il/%D7%9E%D7%AA%D7%9B%D7%95%D7%A0%D7%99%D7%9D/%d7%a4%d7%a0%d7%a7%d7%99%d7%99%d7%a7%d7%99%d7%a1_%d7%9e%d7%9c%d7%95%d7%97%d7%99%d7%9d_%d7%a9%d7%9c_%d7%a7%d7%95%d7%95%d7%90%d7%a7%d7%a8,www.quaker.co.il,web
129,פנקייק סיני במחבת עם בצל ירוק,https://www.hashulchan.co.il/%D7%9E%D7%AA%D7%9B%D7%95%D7%A0%D7%99%D7%9D/%D7%91%D7%99%D7%A0%D7%92-%D7%A4%D7%A0%D7%A7%D7%99%D7%99%D7%A7-%D7%A1%D7%99%D7%A0%D7%99-%D7%91%D7%9E%D7%97%D7%91%D7%AA-%D7%A2%D7%9D-%D7%91%D7%A6%D7%9C-%D7%99%D7%A8%D7%95%D7%A7/,www.hashulchan.co.il,web
129,קרפ,https://www.shtrudel.net/crepe,www.shtrudel.net,web
130,קרפ עם מסקרפונה,https://www.instagram.com/maayan.shtrudel/reel/C7jTdbmsNHp/,www.instagram.com,social
130,Sweet and Savory Crepes,https://muybuenocookbook.com/sweet-savory-crepes/,muybuenocookbook.com,web
130,Julia Child’s Basic Crêpes Recipe (For Both Savoury and Sweet),https://www.foodiebaker.com/julia-childs-basic-crepes-recipe/,www.foodiebaker.com,web
130,קרפ קוואקר מדהים,https://www.quaker.co.il/%D7%9E%D7%AA%D7%9B%D7%95%D7%A0%D7%99%D7%9D/%d7%a7%d7%a8%d7%a4_%d7%a7%d7%95%d7%95%d7%90%d7%a7%d7%a8_%d7%9e%d7%93%d7%94%d7%99%d7%9d,www.quaker.co.il,web
130,שלוליות גבינה,https://www.shtrudel.net/shlu,www.shtrudel.net,web
130,לביבות גבינה עם מילוי לוטוס,https://www.instagram.com/reel/CmboUh1BGE0/?igsh=Mml5Mmk5dW10cTYz,www.instagram.com,social
130,שלוליות יוגורט,https://www.shtrudel.net/yog,www.shtrudel.net,web
130,חביתה פלאפי,https://www.shtrudel.net/fluffy,www.shtrudel.net,web
131,חביתת קוטג',https://www.instagram.com/reel/Cr7s2_NtLhR/?igsh=MTEzbnY4ZDVhNmV4eA%3D%3D%5C,www.instagram.com,social
131,French Onion Frittata,https://www.monpetitfour.com/baked-frittata-with-onions/,www.monpetitfour.com,web
131,Hosted Brunch ~ Frittata,https://cosetteskitchen.com/recipe/hosted-brunch-frittata,cosetteskitchen.com,web
131,"Creamy, Cheesy Scrambled Eggs",https://www.athoughtforfood.net/blog/creamy-cheesy-scrambled-eggs,www.athoughtforfood.net,web
131,חביתה קריספית משיבולת שועל,https://www.instagram.com/reel/Co-CSkuDdW-/?igshid=YmMyMTA2M2Y%3D,www.instagram.com,social
131,Tortilla de patatas – Spanish potato omelette,https://joyofspanishcooking.com/tortilla-de-patatas-spanish-potato-omelette/,joyofspanishcooking.com,web
131,ביצה בקן,https://www.facebook.com/shtrudel.il/videos/2492494504348513/,www.facebook.com,social
131,ביצה בקן,https://foody.co.il/foody_recipe/%D7%A7%D7%9C%D7%90%D7%A1%D7%99%D7%A7%D7%94-%D7%A9%D7%9C-%D7%99%D7%9C%D7%93%D7%95%D7%AA-%D7%91%D7%99%D7%A6%D7%94-%D7%91%D7%A7%D7%9F/,foody.co.il,web
132,Tomato Shakshuka,https://www.hungrypaprikas.com/tomato-shakshuka/,www.hungrypaprikas.com,web
132,שקשוקה בחלה,https://fb.watch/1PGhuvi3ck/,fb.watch,web
132,טורטיה טוסט(טוסטיה),https://www.youtube.com/watch?v=k1dm5r5_W1o,www.youtube.com,social
132,טוסט טורטיה קופץ,https://www.instagram.com/reel/CXtMzpfD792/?igsh=Mm81a2RkZjZ3MmR2,www.instagram.com,social
132,Breakfast Tostadas,https://muybuenocookbook.com/breakfast-tostadas/,muybuenocookbook.com,web
132,קסאדייה,https://www.instagram.com/reel/Co6_xDrjKZw/?igsh=MWY5bzdxaDFyZHprbA%3D%3D,www.instagram.com,social
132,3 מתכונים עם טורטיה,https://fb.watch/1PGKNeXHxj/,fb.watch,web
132,נשנושי טורטייה ב- 3 טעמים,https://www.facebook.com/mmmasterchef/videos/581471963554341/,www.facebook.com,social
133,סמבוסק גבינות וזיתים,https://www.shtrudel.net/sambusak,www.shtrudel.net,web
133,סמבוסק גבינות,https://foody.co.il/foody_recipe/%D7%A1%D7%9E%D7%91%D7%95%D7%A1%D7%A7-%D7%92%D7%91%D7%99%D7%A0%D7%95%D7%AA-%D7%9E%D7%9E%D7%9B%D7%A8/,foody.co.il,web
133,זיווה,https://www.shtrudel.net/ziva,www.shtrudel.net,web
133,מלוואח,https://www.instagram.com/reel/CnMEREsBdfM/?igsh=bHN2MXRvZTV3ajI0,www.instagram.com,social
133,פרנץ 'טוסט,https://www.facebook.com/shtrudel.il/videos/%D7%A4%D7%A8%D7%A0%D7%A5-%D7%98%D7%95%D7%A1%D7%98/783392735408203/,www.facebook.com,social
133,פרנץ 'טוסט מפורק מחלה עייפה,https://www.instagram.com/reel/CnbsYE-BAA8/?igsh=MTU1dnkwNnI4dTlicg%3D%3D,www.instagram.com,social
133,פרנץ 'טוסט,https://www.instagram.com/noa_einat/reel/C1d-xq4oe6i/,www.instagram.com,social
133,Easy Cinnamon French Toast,https://www.isabeleats.com/cinnamon-french-toast/,www.isabeleats.com,web
134,פרנץ 'טוסט עם גבינה צהובה,https://fb.watch/1PFPleUN6U/,fb.watch,web
134,טוסט מושחת במחבת,https://www.shtrudel.net/grilledcheese,www.shtrudel.net,web
134,טוסט,https://www.instagram.com/reel/CgbW5zhjvyf/?igsh=bGU4YXdwbDZuenZw,www.instagram.com,social
134,טוסט טונה,https://www.instagram.com/reel/ChEnxfIjAuy/?igsh=dmphYnR1ZnA3cXls,www.instagram.com,social
134,טוסט בריאות ברוקולי,https://foody.co.il/foody_recipe/%D7%98%D7%95%D7%A1%D7%98-%D7%91%D7%A8%D7%99%D7%90%D7%95%D7%AA-%D7%91%D7%A8%D7%95%D7%A7%D7%95%D7%9C%D7%99-%D7%9E-5-%D7%9E%D7%A8%D7%9B%D7%99%D7%91%D7%99%D7%9D-%D7%91%D7%9C%D7%91%D7%93/,foody.co.il,web
134,Polish Zapiekanka: Toasted Baguette with Sautéed Mushrooms & Cheese,https://www.polonist.com/polish-zapiekanka/,www.polonist.com,web
134,טוסט בנדיקט,https://www.shtrudel.net/benedict,www.shtrudel.net,web
134,טוסט אבוקדו עם ביצה,https://www.facebook.com/shtrudel.il/videos/378998469599440/,www.facebook.com,social
135,טוסט אבוקדו סלט ביצים,https://www.instagram.com/reel/CoFJo31jGJL/?igsh=MTcwdW14am45aWpiMw%3D%3D,www.instagram.com,social
135,צנים עם גבינת שמנת וריבת תות,https://www.instagram.com/reel/DADtKdTMP3w/?igsh=MXc1dmxuNTd4dmI5,www.instagram.com,social
135,"ברוסקטת לחם אגוזים עם גבינת קוטג’ ,תפוחים ודבש",https://foody.co.il/foody_recipe/%d7%91%d7%a8%d7%95%d7%a1%d7%a7%d7%98%d7%aa-%d7%9c%d7%97%d7%9d-%d7%90%d7%92%d7%95%d7%96%d7%99%d7%9d-%d7%a2%d7%9d-%d7%92%d7%91%d7%99%d7%a0%d7%aa-%d7%a7%d7%95%d7%98%d7%92-%d7%aa%d7%a4%d7%95%d7%97/,foody.co.il,web
135,Honey Butter Toast,https://www.instagram.com/cafecouffee/reel/C3X94deofUb/,www.instagram.com,social
135,3 רעיונות לסנדוויצ'ים,https://fb.watch/1PFAAjctXn/,fb.watch,web
135,Pita Pizza,https://www.facebook.com/watch/?v=795879851893041,www.facebook.com,social
135,"יוגורט יווני עם וניל ,דבש , גרנולה ,אוכמניות ואפרסק קפוא",https://www.instagram.com/reel/Cv9Y53utz9x/?igsh=MWh3M214c3RleDJuaQ%3D%3D,www.instagram.com,social
135,מאפה שיבולת שועל,https://www.instagram.com/shaynzzz/reel/DB_rBELMp0t/,www.instagram.com,social
136,Easy Breakfast Egg Cups – 3 Ways,https://www.isabeleats.com/breakfast-egg-cups/,www.isabeleats.com,web
136,Sweet Rice,https://www.moms-mexican-recipes.com/sweet-rice-recipe,www.moms-mexican-recipes.com,web
136,Chawal ki Kheer - Pakistani Rice Pudding,https://www.flourandspiceblog.com/chawal-ki-kheer-pakistani-rice-pudding/,www.flourandspiceblog.com,web
137,גרנולה ביתית,https://www.shtrudel.net/gran,www.shtrudel.net,web
137,גרנולה ביתית עם טחינה וסילאן,https://www.quaker.co.il/%D7%9E%D7%AA%D7%9B%D7%95%D7%A0%D7%99%D7%9D/%d7%92%d7%a8%d7%a0%d7%95%d7%9c%d7%94_%d7%91%d7%99%d7%aa%d7%99%d7%aa_%d7%a2%d7%9d_%d7%98%d7%97%d7%99%d7%a0%d7%94_%d7%95%d7%a1%d7%99%d7%9c%d7%90%d7%9f,www.quaker.co.il,web
137,גרנולה מופחתת קלוריות,https://www.lioroooosh.com/post/??????-?????-??????-???????,www.lioroooosh.com,web
137,גרנולה,https://www.instagram.com/netalivne/reel/DDww91VAZPI/,www.instagram.com,social
137,Tahini Date Granola,https://www.instagram.com/terianncarty/reel/DCMO5tFpotL/?locale=kk-KZ,www.instagram.com,social
137,Apple Cinnamon Granola,https://www.instagram.com/terianncarty/reel/DCrL4GuJj8b/,www.instagram.com,social
137,Nutella Granola,https://www.instagram.com/terianncarty/reel/C2xAVb6u9S9/,www.instagram.com,social
138,חטיף תמרים ובננה,https://foody.co.il/foody_recipe/%D7%97%D7%98%D7%99%D7%A3-%D7%AA%D7%9E%D7%A8%D7%99%D7%9D-%D7%95%D7%91%D7%A0%D7%A0%D7%94/?fbclid=PAAabAplj5iyWqd7E06v0bLIpVCNE_DaA_zxEKASxyAONOwsoVses8CmLvdTQ,foody.co.il,web
138,חטיפי אנרגיה,https://netacooks.co.il/%D7%97%D7%98%D7%99%D7%A4%D7%99-%D7%90%D7%A0%D7%A8%D7%92%D7%99%D7%94-%D7%91%D7%99%D7%AA%D7%99%D7%99%D7%9D/,netacooks.co.il,web
138,"חטיפי אנרגיה עם שיבולת שועל , אגוזים ,פירות יבשים ודבש",https://foody.co.il/foody_recipe/%d7%97%d7%98%d7%99%d7%a4%d7%99-%d7%90%d7%a0%d7%a8%d7%92%d7%99%d7%94-%d7%a2%d7%9d-%d7%a9%d7%99%d7%91%d7%95%d7%9c%d7%aa-%d7%a9%d7%95%d7%a2%d7%9c-%d7%90%d7%92%d7%95%d7%96%d7%99%d7%9d-%d7%a4%d7%99%d7%a8/?auto=1,foody.co.il,web
138,חטיף גרנולה,https://www.quaker.co.il/%D7%9E%D7%AA%D7%9B%D7%95%D7%A0%D7%99%D7%9D/%D7%97%D7%98%D7%99%D7%A3_%D7%92%D7%A8%D7%A0%D7%95%D7%9C%D7%94,www.quaker.co.il,web
138,חטיף גרנולה אפוי,https://www.carine.co.il/foody_recipe/%D7%97%D7%98%D7%99%D7%A3-%D7%92%D7%A8%D7%A0%D7%95%D7%9C%D7%94-%D7%90%D7%A4%D7%95%D7%99/,www.carine.co.il,web
138,חטיף קאווקר,https://www.quaker.co.il/%D7%9E%D7%AA%D7%9B%D7%95%D7%A0%D7%99%D7%9D/%D7%97%D7%98%D7%99%D7%A3_%D7%A7%D7%95%D7%95%D7%90%D7%A7%D7%A8_%D7%91%D7%99%D7%AA%D7%99_%D7%9E%D7%95%D7%A9%D7%9C%D7%9D,www.quaker.co.il,web
138,חטיף אנרגיה ביתי,https://www.mako.co.il/food-cooking_magazine/blogs-best-recipe/Recipe-5b74e8a03a22a51006.htm,www.mako.co.il,web
138,חטיפי גרנולה ביתיים,https://adikosh.co.il/uncategorized/%D7%97%D7%98%D7%99%D7%A4%D7%99-%D7%92%D7%A8%D7%A0%D7%95%D7%9C%D7%94-%D7%91%D7%99%D7%AA%D7%99%D7%99%D7%9D/,adikosh.co.il,web
139,חטיפי קוואקר ואגוזים,https://www.quaker.co.il/%D7%9E%D7%AA%D7%9B%D7%95%D7%A0%D7%99%D7%9D/%d7%97%d7%98%d7%99%d7%a4%d7%99_%d7%a7%d7%95%d7%95%d7%90%d7%a7%d7%a8_%d7%95%d7%90%d7%92%d7%95%d7%96%d7%99%d7%9d,www.quaker.co.il,web
139,חטיפי אנרגיה בריאים,https://www.instagram.com/netalivne/reel/C-mrJQjIqTc/,www.instagram.com,social
139,גרנולה בארים,https://shemo.co.il/%D7%92%D7%A8%D7%A0%D7%95%D7%9C%D7%94-%D7%91%D7%90%D7%A8%D7%99%D7%9D/,shemo.co.il,web
139,נייצ׳ר וואלי ביתי,https://www.instagram.com/shaynzzz/reel/CztXTfasw8O/,www.instagram.com,social
139,Baked Oats,https://www.flourandspiceblog.com/my-kinda-oatmeal/,www.flourandspiceblog.com,web
139,חטיף תמרים עם ריבת חלב,https://foody.co.il/foody_recipe/%D7%97%D7%98%D7%99%D7%A3-%D7%AA%D7%9E%D7%A8%D7%99%D7%9D-%D7%A2%D7%9D-%D7%A8%D7%99%D7%91%D7%AA-%D7%97%D7%9C%D7%91/,foody.co.il,web
139,חטיף תמרים,https://www.facebook.com/watch/?v=1121267982368516,www.facebook.com,social
139,חטיף תמרים שוקולד פקאן,https://www.instagram.com/ronyohanan/reel/C1TqxdJNMqp/,www.instagram.com,social
140,טבלאות שוקולד בריאות,https://foody.co.il/foody_recipe/%D7%98%D7%91%D7%9C%D7%90%D7%95%D7%AA-%D7%A9%D7%95%D7%A7%D7%95%D7%9C%D7%93-%D7%91%D7%A8%D7%99%D7%90%D7%95%D7%AA/,foody.co.il,web
140,"חטיף הבריאות של שומשום , גרעינים ושוקולד מריר",https://www.instagram.com/carine.goren/reel/C7TjBTOIHhr/,www.instagram.com,social
140,חטיף שוקולד ושיבולת שועל,https://foody.co.il/foody_recipe/%D7%97%D7%98%D7%99%D7%A3-%D7%A9%D7%95%D7%A7%D7%95%D7%9C%D7%93-%D7%95%D7%A9%D7%99%D7%91%D7%95%D7%9C%D7%AA-%D7%A9%D7%95%D7%A2%D7%9C/,foody.co.il,web
140,Café de Olla Chocolate Oat Bars,https://www.isabeleats.com/cafe-de-olla-chocolate-oat-bars/,www.isabeleats.com,web
140,כדורי תמרים ושוקולד,https://www.instagram.com/reel/C1glyGGIppR/?igsh=ZjJoOHI0MWdocTcy,www.instagram.com,social
140,כדורי שוקולד וקוואקר,https://www.quaker.co.il/%D7%9E%D7%AA%D7%9B%D7%95%D7%A0%D7%99%D7%9D/%D7%9B%D7%93%D7%95%D7%A8%D7%99_%D7%A9%D7%95%D7%A7%D7%95%D7%9C%D7%93_%D7%95%D7%A7%D7%95%D7%95%D7%90%D7%A7%D7%A8_%D7%A9%D7%94%D7%9D_%D7%94%D7%9B%D7%99_%D7%9B%D7%93%D7%95%D7%A8%D7%99_%D7%90%25D,www.quaker.co.il,web
140,Chokladbollar,https://www.instagram.com/cafecouffee/reel/C-vL1Stoc5g/,www.instagram.com,social
141,Mexican Apple-Cinnamon Oatmeal,https://muybuenocookbook.com/mexican-apple-cinnamon-oatmeal/,muybuenocookbook.com,web
141,Old-Fashioned Mexican Oatmeal (Avena),https://muybuenocookbook.com/old-fashioned-mexican-oatmeal-avena/,muybuenocookbook.com,web
141,מאפה דייסת קוואקר עם פירות,https://www.quaker.co.il/%D7%9E%D7%AA%D7%9B%D7%95%D7%A0%D7%99%D7%9D/%d7%9e%d7%90%d7%a4%d7%94_%d7%93%d7%99%d7%99%d7%a1%d7%aa_%d7%a7%d7%95%d7%95%d7%90%d7%a7%d7%a8_%d7%a2%d7%9d_%d7%a4%d7%99%d7%a8%d7%95%d7%aa,www.quaker.co.il,web
141,דייסה קרה בין לילה,https://www.quaker.co.il/%D7%9E%D7%AA%D7%9B%D7%95%D7%A0%D7%99%D7%9D/%d7%93%d7%99%d7%99%d7%a1%d7%94_%d7%a7%d7%a8%d7%94,www.quaker.co.il,web
141,Overnight Oats עם מאצ' ה וזרעי צ'יה,https://www.facebook.com/reel/537704995457518,www.facebook.com,social
141,פודינג צ׳יה מועשר בחלבון בין לילה,https://www.instagram.com/maya.goodness/reel/DE0CdOFthft/,www.instagram.com,social
141,Overnight Oats,https://www.hungrypaprikas.com/overnight-oats/,www.hungrypaprikas.com,web
141,APPLE PIE OVERNIGHT OATS,https://www.instagram.com/bridgette.eats.plants/reel/C2kYkKsLCOR/,www.instagram.com,social
142,Berrylicious Overnight Oats Boosted with Boncare,https://www.flourandspiceblog.com/berrylicious-overnight-oats/,www.flourandspiceblog.com,web
142,Peach Pie Overnight Oats,https://www.eatingwell.com/peach-pie-overnight-oats-8668392,www.eatingwell.com,web
142,High-Protein Strawberry & Peanut Butter Overnight Oats,https://www.eatingwell.com/high-protein-strawberry-peanut-butter-overnight-oats-8611753,www.eatingwell.com,web
142,Overnight Oats with Chia,https://www.eatingwell.com/recipe/8051021/overnight-oats-with-chia-seeds/,www.eatingwell.com,web
142,Triple-Berry Blended Oats,http://securedsearch.lavasoft.com/?pr=vmn&id=webcompa&ent=hp_WCYID10440__180901https://www.eatingwell.com/triple-berry-blended-oats-8422787,securedsearch.lavasoft.com,web
142,Reese’s Peanut Butter Cup-Inspired Overnight Oats,https://www.eatingwell.com/reeses-peanut-butter-cup-inspired-overnight-oats-8418572,www.eatingwell.com,web
142,Key Lime Pie–Inspired Overnight Oats,https://www.eatingwell.com/key-lime-pie-inspired-overnight-oats-8400186,www.eatingwell.com,web
143,"High-Protein Peanut Butter, Banana & Blueberry Overnight Oats",https://www.eatingwell.com/high-protein-peanut-butter-banana-blueberry-overnight-oats-8678793,www.eatingwell.com,web
143,Almond Joy-Inspired Overnight Oats,http://securedsearch.lavasoft.com/?pr=vmn&id=webcompa&ent=hp_WCYID10440__180901https://www.eatingwell.com/triple-berry-blended-oats-8422787https://www.eatingwell.com/key-lime-pie-inspired-overnight-oats-8400186https://www.eatingwell.com/almond-joy-inspired,securedsearch.lavasoft.com,web
143,Blended Chocolate- Covered Strawberry Overnight Oats,https://www.eatingwell.com/blended-chocolate-covered-strawberry-overnight-oats-8631530,www.eatingwell.com,web
143,Lemon-Blueberry Overnight Oats,https://www.eatingwell.com/recipe/8062561/lemon-blueberry-overnight-oats/,www.eatingwell.com,web
144,פשטידת זיתים,https://www.instagram.com/reel/CXyTEDTDPMT/?igshid=YmMyMTA2M2Y%3D,www.instagram.com,social
144,פשטידת איטריות,https://www.instagram.com/reel/C7_LQucMcLH/?igsh=MXRuZjVjNm83azNiaw%3D%3D,www.instagram.com,social
144,פשטידת כרובית,https://www.mako.co.il/food-cooking_magazine/food-store/Recipe-d281f6cdd3a7f31006.htm?fbclid=PAAaaBLKIh8BODnmc3nhmAMoAvDN98knelBHGGY9OjrX5ceAN5GbE3Q8KnsFE,www.mako.co.il,web
144,פשטידת תירס קלילה ומהירה שילדים אוהבים,https://foody.co.il/foody_recipe/%D7%A4%D7%A9%D7%98%D7%99%D7%93%D7%AA-%D7%AA%D7%99%D7%A8%D7%A1-%D7%A7%D7%9C%D7%99%D7%9C%D7%94-%D7%95%D7%9E%D7%94%D7%99%D7%A8%D7%94-%D7%A9%D7%99%D7%9C%D7%93%D7%99%D7%9D-%D7%90%D7%95%D7%94%D7%91%D7%99/,foody.co.il,web
144,פשטידת תירס וקוואקר,https://www.quaker.co.il/%D7%9E%D7%AA%D7%9B%D7%95%D7%A0%D7%99%D7%9D/%d7%a4%d7%a9%d7%98%d7%99%d7%93%d7%aa_%d7%aa%d7%99%d7%a8%d7%a1_%d7%95%d7%a7%d7%95%d7%95%d7%90%d7%a7%d7%a8,www.quaker.co.il,web
145,פשטידת פטריות וגבינות,https://heli-group.co.il/recipes/%D7%A4%D7%A9%D7%98%D7%99%D7%93%D7%AA-%D7%A4%D7%98%D7%A8%D7%99%D7%95%D7%AA-%D7%95%D7%92%D7%91%D7%99%D7%A0%D7%95%D7%AA/,heli-group.co.il,web
145,פשטידת פטריות וקוואקר,https://www.quaker.co.il/%D7%9E%D7%AA%D7%9B%D7%95%D7%A0%D7%99%D7%9D/%D7%9E%D7%AA%D7%9B%D7%95%D7%9F_%D7%9C%D7%A4%D7%A9%D7%98%D7%99%D7%93%D7%AA_%D7%A4%D7%98%D7%A8%D7%99%D7%95%D7%AA_%D7%95%D7%A7%D7%95%D7%95%D7%90%D7%A7%D7%A8,www.quaker.co.il,web
145,טארט בצל וצנוברים,"https://www.ynet.co.il/articles/0,7340,L-4051315,00.html",www.ynet.co.il,web
145,"לביבות תפו""א וגבינה",https://www.shtrudel.net/levivot,www.shtrudel.net,web
145,קציצות פראסה,https://www.instagram.com/reel/Ct6GiyRN-Uc/?igsh=ZHowdTFkaWdsMzls,www.instagram.com,social
145,בטטה ווארה הודיות - לביבות תפוחי אדמה,https://foody.co.il/foody_recipe/%D7%91%D7%98%D7%98%D7%94-%D7%95%D7%95%D7%90%D7%A8%D7%94-%D7%9C%D7%91%D7%99%D7%91%D7%95%D7%AA-%D7%AA%D7%A4%D7%95%D7%97%D7%99-%D7%90%D7%93%D7%9E%D7%94-%D7%9E%D7%95%D7%A9%D7%9C%D7%9E%D7%95%D7%AA-%D7%9E/,foody.co.il,web
145,לביבות תירס,https://www.instagram.com/reel/CQ0SCNJA8Hq/?utm_medium=share_sheet,www.instagram.com,social
145,לביבות תירס,https://www.instagram.com/p/DDgqcf2s9cq/,www.instagram.com,social
146,"לביבות תירס , אפונה וגזר תאילנדיות",https://foody.co.il/foody_recipe/%d7%90%d7%95%d7%9b%d7%9c-%d7%a8%d7%97%d7%95%d7%91-%d7%9e%d7%91%d7%a0%d7%a7%d7%95%d7%a7-%d7%9c%d7%91%d7%99%d7%91%d7%95%d7%aa-%d7%aa%d7%99%d7%a8%d7%a1-%d7%90%d7%a4%d7%95%d7%a0%d7%94-%d7%95%d7%92/,foody.co.il,web
146,לביבת רושטי שוויצרי זהוב ופריך,https://13tv.co.il/item/yummies/recipes-meals/extras/rosti-902235690/,13tv.co.il,web
146,לביבות תירס,https://www.quaker.co.il/%D7%9E%D7%AA%D7%9B%D7%95%D7%A0%D7%99%D7%9D/%d7%9c%d7%91%d7%99%d7%91%d7%95%d7%aa_%d7%aa%d7%99%d7%a8%d7%a1,www.quaker.co.il,web
146,לביבות טונה,https://www.instagram.com/reel/CmGlQxODlvb/?igsh=b2oxYXhkaWdyam1k,www.instagram.com,social
146,קציצות תירס וטונה אפויות,https://www.facebook.com/watch/?v=557169876283375,www.facebook.com,social
146,קציצות כרובית וגבינות,https://foody.co.il/foody_recipe/%D7%A7%D7%A6%D7%99%D7%A6%D7%95%D7%AA-%D7%9B%D7%A8%D7%95%D7%91%D7%99%D7%AA-%D7%95%D7%92%D7%91%D7%99%D7%A0%D7%95%D7%AA-%D7%9E%D7%94%D7%99%D7%A8%D7%95%D7%AA/,foody.co.il,web
146,Cauliflower Fritters,https://www.flourandspiceblog.com/cauliflower-fritters/,www.flourandspiceblog.com,web
146,תירס כמו בקניון,https://www.shtrudel.net/ti,www.shtrudel.net,web
147,תירס כמו בדוכנים,https://www.yachin.co.il/%D7%9E%D7%AA%D7%9B%D7%95%D7%A0%D7%99%D7%9D/%D7%AA%D7%99%D7%A8%D7%A1-%D7%9B%D7%9E%D7%95-%D7%91%D7%93%D7%95%D7%9B%D7%A0%D7%99%D7%9D-%D7%A9%D7%9C-%D7%A8%D7%95%D7%9F-%D7%99%D7%95%D7%97%D7%A0%D7%A0%D7%95%D7%91/,www.yachin.co.il,web
147,תירס קובני,https://danielamit.foody.co.il/foody_recipe/%D7%AA%D7%99%D7%A8%D7%A1-%D7%A7%D7%95%D7%91%D7%A0%D7%99/,danielamit.foody.co.il,web
147,צלעות תירס בנינג’ה גריל,https://foody.co.il/foody_recipe/%D7%A6%D7%9C%D7%A2%D7%95%D7%AA-%D7%AA%D7%99%D7%A8%D7%A1-%D7%91%D7%A0%D7%99%D7%A0%D7%92%D7%94-%D7%92%D7%A8%D7%99%D7%9C/,foody.co.il,web
147,Mexican Street Corn (Elote),https://muybuenocookbook.com/mexican-street-corn-elote/,muybuenocookbook.com,web
147,Elote Recipe (Mexican Sweet Corn) ),https://www.moms-mexican-recipes.com/elote-recipe-mexican-sweet-corn,www.moms-mexican-recipes.com,web
147,Easy Mexican Street Corn (Elotes),https://www.isabeleats.com/authentic-mexican-street-corn/,www.isabeleats.com,web
147,שניצל תירס מוצרלה,https://www.youtube.com/watch?v=Uxa_Xl9a4Ds,www.youtube.com,social
147,חומוס ביתי,https://www.shtrudel.net/humus,www.shtrudel.net,web
148,חומוס הפתעות,https://fb.watch/1PQPKtKQgJ/,fb.watch,web
148,Traditional Creamy Hummus,https://www.hungrypaprikas.com/traditional-creamy-hummus/,www.hungrypaprikas.com,web
148,Creamy Hummus,https://cosetteskitchen.com/creamy-hummus,cosetteskitchen.com,web
148,Crispy Baked Falafel,https://www.hungrypaprikas.com/crispy-baked-falafel/,www.hungrypaprikas.com,web
148,חטיף שוקולד וקינואה,https://foody.co.il/foody_recipe/%D7%9E%D7%98%D7%A8%D7%99%D7%A3-%D7%95%D7%9E%D7%AA%D7%A4%D7%A6%D7%97-%D7%97%D7%98%D7%99%D7%A3-%D7%A9%D7%95%D7%A7%D7%95%D7%9C%D7%93-%D7%95%D7%A7%D7%99%D7%A0%D7%95%D7%90%D7%94-%D7%A9%D7%9C%D7%90-%D7%AA/,foody.co.il,web
148,חטיף פצפוצי קינואה,https://www.instagram.com/reel/CjVuvyhDPua/?igshid=YmMyMTA2M2Y%3D,www.instagram.com,social
148,שמנת מתוקה,https://www.instagram.com/reel/C_-FcT_sTt1/?igsh=MXNzYXRqOTR1dGJndA%3D%3D,www.instagram.com,social
148,סוכריות טבעיות להקלה על שיעול,https://www.instagram.com/tsinka_confiserie/reel/C1M1l0rIilM/,www.instagram.com,social
149,פשטידת מצות,https://www.instagram.com/reel/C6HKDgJt9L6/?igsh=MXZoODh5aXg4NjA3MQ%3D%3D,www.instagram.com,social
149,עוגת שוקולד,https://www.instagram.com/reel/C579Jf9sOGm/?igsh=Z2R5MjBqcmZkOXMx,www.instagram.com,social
149,עוגיות שקדים,https://www.ronyohananov.com/post/%D7%A2%D7%95%D7%92%D7%99%D7%95%D7%AA-%D7%A9%D7%A7%D7%93%D7%99%D7%9D-%D7%A7%D7%A8%D7%99%D7%A1%D7%A4%D7%99%D7%95%D7%AA-%D7%9C%D7%9C%D7%90-%D7%A7%D7%9E%D7%97,www.ronyohananov.com,web
149,עוגיות אגוזים,https://www.ronyohananov.com/post/%D7%A2%D7%95%D7%92%D7%99%D7%95%D7%AA-%D7%90%D7%92%D7%95%D7%96%D7%99%D7%9D-%D7%A0%D7%99%D7%9E%D7%95%D7%97%D7%95%D7%AA-%D7%95%D7%99%D7%A4%D7%99%D7%99%D7%A4%D7%95%D7%AA-%D7%9B%D7%A9%D7%A8%D7%95%D7%AA-%D7%9C%D7%A4%D7%A1%D7%97,www.ronyohananov.com,web
149,פיצה,https://www.ronyohananov.com/post/%D7%A4%D7%99%D7%A6%D7%94-%D7%9B%D7%A9%D7%A8%D7%94-%D7%9C%D7%A4%D7%A1%D7%97,www.ronyohananov.com,web
149,קרפ,https://www.shtrudel.net/crepassover,www.shtrudel.net,web
149,כדורי מצה ושוקולד,https://www.youtube.com/watch?v=r-kmjzuH_fk,www.youtube.com,social
150,קינוח כוסות קראמבל אישי ומיוחד לפסח,https://foody.co.il/foody_recipe/%D7%A7%D7%99%D7%A0%D7%95%D7%97-%D7%9B%D7%95%D7%A1%D7%95%D7%AA-%D7%A7%D7%A8%D7%90%D7%9E%D7%91%D7%9C-%D7%90%D7%99%D7%A9%D7%99-%D7%95%D7%9E%D7%99%D7%95%D7%97%D7%93-%D7%9C%D7%A4%D7%A1%D7%97/,foody.co.il,web
150,מאפינס גבינות לפסח,https://www.shtrudel.net/muffins,www.shtrudel.net,web
151,לאטה מרשמלו מחמם,https://www.facebook.com/photo/?fbid=659339319688060&set=gm.1514251952476891&idorvanity=1326359191266169,www.facebook.com,social
151,לאטה טירמיסו,https://www.nespresso.com/recipes/il/he/17652TIR-17652TIR.html,www.nespresso.com,web
151,מוקה,https://www.nespresso.com/recipes/il/he/23093MOC-23093MOC.html,www.nespresso.com,web
151,מוקה וינאי,https://www.nespresso.com/recipes/il/he/23143MOC-23143MOC.html,www.nespresso.com,web
151,מוקה לבן ושוויצרי,https://www.nespresso.com/recipes/il/he/185HOT-185HOT.html,www.nespresso.com,web
151,קורטדו קינמון,https://www.nespresso.com/recipes/il/he/24858CIN-24858CIN.html,www.nespresso.com,web
151,קפוצ'ינו ריבת חלב ובננות,https://www.nespresso.com/recipes/il/he/19029CAP-19029CAP.html,www.nespresso.com,web
152,שביל החלב של בואנוס איירס,https://www.nespresso.com/recipes/il/he/34446BUE-34446BUE.html,www.nespresso.com,web
152,Café au Lait,https://www.nespresso.com/recipes/int/en/23091CAF-cafe-au-lait.html,www.nespresso.com,web
152,Flat White,https://www.nespresso.com/recipes/int/en/19766FLA-flat-white-by-nespresso.html,www.nespresso.com,web
152,Traditional Portuguese Galão,https://www.tastycoffeetales.com/recipes/traditional-portuguese-gal-o,www.tastycoffeetales.com,web
152,Espresso Romano,https://www.instagram.com/reel/C2VKLzosvUj/?igsh=cmVxb25wbjk3dW55,www.instagram.com,social
152,puckperfection,https://www.instagram.com/puckperfection/,www.instagram.com,social
152,קפה בומבון,https://www.instagram.com/amit_hanoch/reel/DDkY4BtuoJc/,www.instagram.com,social
152,Café Bombón,https://www.instagram.com/aldallal.ali/reel/CtRJ7qbOCnP/,www.instagram.com,social
152,Chocolate Latte Macchiato,https://www.instagram.com/mrsdailycoffee/reel/C61YPeerFIs/?locale=zh_CN&hl=am-et,www.instagram.com,social
153,קפה פילטר,https://www.instagram.com/noarosin/reel/C7YzZNYqI7M/,www.instagram.com,social
153,French Press,https://www.instagram.com/coffeeholic101/reel/DBBnFNQv68J/,www.instagram.com,social
153,Cà Phê Muối,https://savourthepho.com/vietnamese-salt-coffee-ca-phe-muoi/,savourthepho.com,web
153,Cà Phê Trứng,https://ethnicspoon.com/vietnamese-egg-coffee-ca-phe-trung/,ethnicspoon.com,web
153,Irish Coffee,https://www.nespresso.com/se/en/recept/irish-coffee,www.nespresso.com,web
153,טירמיסו קפוצ'ינו,https://www.nespresso.com/recipes/il/he/33540VEN-33540VEN.html,www.nespresso.com,web
153,קפה עם אייריש קרים,https://fb.watch/1PTcG0mczB/,fb.watch,web
154,קפה הוליווד – אספרסו עם שוקולד ונגיעת נענע,https://www.nespresso.com/recipes/il/he/216HOL-216HOL.html,www.nespresso.com,web
154,אייס קפה עם קרמל ושוקולד,https://www.nespresso.com/recipes/il/he/284ICE-284ICE.html,www.nespresso.com,web
154,אייס קפה קרמליטו,https://www.nespresso.com/recipes/il/he/225ICE-225ICE.html,www.nespresso.com,web
154,קפה נוסטלגי בטעם קרמל,https://www.nespresso.com/recipes/il/he/223CAR-223CAR.html,www.nespresso.com,web
154,פראפה יווני,https://www.nespresso.com/recipes/il/he/20797ICE-20797ICE.html,www.nespresso.com,web
154,אייס שוקו-אספרסו,https://www.nespresso.com/recipes/il/he/308ICE-308ICE.html,www.nespresso.com,web
154,אייס שוקו לאטה,https://www.nespresso.com/recipes/il/he/222ICE-222ICE.html,www.nespresso.com,web
155,Italian Iced Coffee,https://www.instagram.com/goldenbrown.coffee/reel/C1Bd9-mohPn/,www.instagram.com,social
155,אייס קפה,https://www.instagram.com/uria_ketiei/reel/C7uN65kI002/,www.instagram.com,social
155,אייס קפה,https://mamarecipes.co.il/%d7%90%d7%99%d7%99%d7%a1-%d7%a7%d7%a4%d7%94-%d7%94%d7%99%d7%a1%d7%98%d7%a8%d7%99-%d7%9e%d7%aa%d7%9b%d7%95%d7%9f-%d7%99%d7%95%d7%aa%d7%a8-%d7%98%d7%a2%d7%99%d7%9d-%d7%9e%d7%91%d7%aa%d7%99-%d7%a7%d7%a4/,mamarecipes.co.il,web
155,ISPIRAZIONE SHAKERATO - קפה קר איטלקי,https://www.nespresso.com/recipes/il/he/22992CAF-ispirazione-shakerato.html,www.nespresso.com,web
155,CAFFÈ ALLA SALENTINA - קפה מדרום איטליה,https://www.nespresso.com/recipes/il/he/22997CAF-caffe-alla-salentina.html,www.nespresso.com,web
155,קפה קר מבעבע עם תערובת קפה פרדו דליקטו,https://www.nespresso.com/recipes/il/he/33086FIZ-33086FIZ.html,www.nespresso.com,web
155,"מיץ תפוזים ,ענף מרווה , מעט מים מוגזים ופרדו דליקטו",https://www.facebook.com/share/v/1N52aqYaQx/,www.facebook.com,social
155,קוקטייל קשת בענן בנוסח אתיופי,https://www.nespresso.com/recipes/il/he/267ETH-267ETH.html,www.nespresso.com,web
156,"קפה קר עם מלפפון , לימון ובזיליקום",https://www.instagram.com/p/CtL5fFXAaBd/,www.instagram.com,social
156,קפה פרמיירה עם יין וליקר פטל,https://www.nespresso.com/recipes/il/he/215RED-215RED.html,www.nespresso.com,web
156,Iced Spanish Latte,https://www.instagram.com/flourandspiceblog/reel/CsL29WzgYLp/,www.instagram.com,social
156,Banana Cream Iced Coffee,https://www.instagram.com/yourcoffeedude/reel/C4lJnihol1T/,www.instagram.com,social
156,Banana Cream Latte,https://www.instagram.com/jimmythebarista/reel/DBq2k8GRpU7/,www.instagram.com,social
156,קולד ברו בלי טחינת פולי הקפה,https://www.instagram.com/maayan.shtrudel/reel/CvPcjoQNW9F/,www.instagram.com,social
156,אספרסו קפוא,https://www.nespresso.com/recipes/il/he/194FRO-194FRO.html,www.nespresso.com,web
156,Espresso Freddo Shakerato,https://illy.co.th/coffee-recipes/freddo-espresso-shaken/,illy.co.th,web
157,קפה סודה,https://www.instagram.com/p/C_u3nPdolPP/,www.instagram.com,social
157,אספרסו סודה,https://www.instagram.com/amit_hanoch/reel/C_219FPNJDJ/,www.instagram.com,social
157,Espresso Tonic,https://www.instagram.com/softpourn/reel/C6xFHCMuH2D/,www.instagram.com,social
157,קפה קר אבטיח סודה,https://www.facebook.com/watch/?v=649295053337662,www.facebook.com,social
157,Italian Coffee Cream,https://www.instagram.com/reel/C9Ozs5JJtmw/?igsh=em1ucG01NzBma2t5,www.instagram.com,social
157,Crema di Caffe,https://anitalianinmykitchen.com/italian-coffee-cream-crema-di-caffe/,anitalianinmykitchen.com,web
157,קפה קוריאני,https://foody.co.il/foody_recipe/%D7%A7%D7%A4%D7%94-%D7%A7%D7%95%D7%A8%D7%90%D7%99%D7%A0%D7%99-%D7%9E%D7%95%D7%A7%D7%A6%D7%A3-%D7%9C%D7%94%D7%A8%D7%92%D7%99%D7%A9-%D7%91%D7%91%D7%99%D7%AA-%D7%A7%D7%A4%D7%94-%D7%91%D7%91%D7%99%D7%AA/,foody.co.il,web
"157,163",שוקו קוריאני,https://www.youtube.com/shorts/fo8YDAfibxE?app=desktop,www.youtube.com,social
157,קפה קוריאני,https://www.youtube.com/shorts/dfW5k-43e-k,www.youtube.com,social
158,Whipped Honey Coffee,https://www.instagram.com/adriaccopa/reel/C-F_to9x23F/,www.instagram.com,social
158,Tiramisu milkshake,https://www.instagram.com/adrian.ghervan/reel/C_Ff2qTq9za/,www.instagram.com,social
158,Cà Phê Sữa Đá Sài Gòn,https://www.nescafe.com/il/he-il/recipes/vietnamese-iced-coffee,www.nescafe.com,web
158,Cà Phê Dừa,https://vncapheproject.com/recipes/coconut-coffee,vncapheproject.com,web
158,Bạc Xỉu,https://savourthepho.com/bac-xiu-saigon-white-coffee/,savourthepho.com,web
159,Affogato Coffee Ice Cream,https://www.instagram.com/natashaskitchen/reel/C84tHgxNzom/,www.instagram.com,social
159,אפוגטו עם גלידת שוקולד וקרם נוגט,https://www.instagram.com/nespresso.il/reel/C-UiuXcKNoU/?locale=en-us,www.instagram.com,social
159,פינוק וניליו – קפה קר עם גלידת וניל ואספרסו וניליו,https://www.nespresso.com/recipes/il/he/217IND-217IND.html,www.nespresso.com,web
159,שלגון קפה עם שמנת וזילופי שוקולד מריר,https://www.nespresso.com/il/he/magazine/recipes/ice_cream_chocolate,www.nespresso.com,web
159,אפוגטו עם שלגון קוקוס- וניל ואספרסו,https://www.instagram.com/nespresso.il/reel/C8ocygmipk1/,www.instagram.com,social
159,"לייז'ואה גלידה , קפה וניליו וקרמל",https://www.nespresso.com/recipes/il/he/219VAN-219VAN.html,www.nespresso.com,web
159,אפוגטו אגוזי לוז,https://www.nespresso.com/recipes/il/he/33409AFF-33409AFF.html,www.nespresso.com,web
160,אפוגטוCloudberry,https://www.nespresso.com/recipes/il/he/31086CLO-cloudberry.html,www.nespresso.com,web
160,matcha-gatos,https://www.instagram.com/bearenger/reel/C-JBR3TyjqJ/,www.instagram.com,social
160,גלידה ברוטב בייגלה מלוח,https://www.shtrudel.net/beygale,www.shtrudel.net,web
160,גלידת שוקולד,https://www.instagram.com/maayan.shtrudel/reel/CiPyTFSD78A/,www.instagram.com,social
160,גלידת קוטג',https://www.instagram.com/ronyohanan/reel/CrxiPoxuwkJ/,www.instagram.com,social
160,גלידת קוטג 'פיסטוק,https://coralhota.co.il/recipes/%D7%92%D7%9C%D7%99%D7%93%D7%AA-%D7%A7%D7%95%D7%98%D7%92-%D7%A4%D7%99%D7%A1%D7%98%D7%95%D7%A7/,coralhota.co.il,web
160,ארטיק גרניטה תות,https://www.instagram.com/palaisdesthes_israel/reel/Cu6vEaWI0nK/,www.instagram.com,social
"160,161",ארטיק תות אוכמניות ארטיק תפוז וליים,https://theiceco.co.uk/2018/08/homemade-ice-lollies/,theiceco.co.uk,web
162,צ’אי מסאלה הודי,https://foody.co.il/foody_recipe/%d7%a6%d7%90%d7%99-%d7%9e%d7%a1%d7%90%d7%9c%d7%94-%d7%94%d7%95%d7%93%d7%99/?auto=1,foody.co.il,web
162,סיידר תפוחים חם עם יין אדום וקינמון,https://foody.co.il/foody_recipe/%d7%9c%d7%94%d7%a8%d7%92%d7%99%d7%a9-%d7%91%d7%91%d7%a7%d7%aa%d7%aa-%d7%a2%d7%a5-%d7%91%d7%a9%d7%9c%d7%92-%d7%9e%d7%95%d7%9c-%d7%94%d7%90%d7%97-%d7%a1%d7%99%d7%99%d7%93%d7%a8-%d7%aa%d7%a4%d7%95%d7%97/,foody.co.il,web
162,סנגריה חמה,https://foody.co.il/foody_recipe/%d7%9e%d7%a9%d7%a7%d7%94-%d7%99%d7%99%d7%9f-%d7%90%d7%93%d7%95%d7%9d-%d7%9e%d7%aa%d7%95%d7%91%d7%9c-%d7%97%d7%95%d7%a8%d7%a4%d7%99-%d7%95%d7%98%d7%a2%d7%99%d7%9d/,foody.co.il,web
163,Thick Italian Hot Chocolate Recipe,https://thecookingfoodie.com/recipe/thick-italian-hot-chocolate-recipe/,thecookingfoodie.com,web
163,Italian Hot Chocolate,https://www.instagram.com/kaotickrunch/reel/C0mREW9omfk/,www.instagram.com,social
163,Homemade Hot Chocolate Mix,https://www.instagram.com/iamtarneet/reel/C0yvryNSgsn/,www.instagram.com,social
164,"טוניק ג'ינגר ,לימון וכורכום",https://anatdror.co.il/%d7%a9%d7%99%d7%99%d7%a7%d7%99%d7%9d-%d7%95%d7%9e%d7%99%d7%a6%d7%99%d7%9d/,anatdror.co.il,web
164,קוביות חיסוניות,https://www.instagram.com/p/DDKv8F8IIWs/,www.instagram.com,social
164,Soothing Immune Elixir,https://www.instagram.com/terianncarty/reel/C1UWHH9u1OH/,www.instagram.com,social
164,ג'ינג'ר שוט,https://www.instagram.com/ben.shai/reel/DEKRItbIPKO/,www.instagram.com,social
164,ג'ינג'ר שוט,https://www.instagram.com/shaynzzz/reel/CoXepWDDvLV/,www.instagram.com,social
164,שייק ירוק,https://foody.co.il/foody_recipe/%d7%a9%d7%99%d7%99%d7%a7-%d7%99%d7%a8%d7%95%d7%a7-%d7%a9%d7%9e%d7%a0%d7%a7%d7%94-%d7%90%d7%aa-%d7%94%d7%92%d7%95%d7%a3/?auto=1,foody.co.il,web
164,"שייק סלק ,גזר ובטטה",http://www.baba-mail.co.il/recipes/recipe.aspx?recipeid=1252,www.baba-mail.co.il,web
165,מיץ ירוק,https://www.newhorizon.co.il/recipe/green-juice/,www.newhorizon.co.il,web
165,מיץ ירוק לניקוי רעלים,https://www.newhorizon.co.il/recipe/green-detox-juice/,www.newhorizon.co.il,web
165,מיץ ירוק מרענן,https://www.newhorizon.co.il/recipe/refreshing-green-juice/,www.newhorizon.co.il,web
165,מיץ ירוק עם שומר,https://www.newhorizon.co.il/recipe/green-juice-with-fennel/,www.newhorizon.co.il,web
165,שייק תפוז ותרד,http://www.baba-mail.co.il/recipes/recipe.aspx?recipeid=1253,www.baba-mail.co.il,web
165,מיץ גזר סלרי ברוקולי ואגס,https://www.newhorizon.co.il/recipe/carrot-celery-broccoli-pear-juice/,www.newhorizon.co.il,web
165,"שייק אגס ,גזר וזרעי צ'יה",http://www.baba-mail.co.il/recipes/recipe.aspx?recipeid=1254,www.baba-mail.co.il,web
165,"שייק על בסיס ירקות עליים , מלפפון ועשבי תיבול",http://www.baba-mail.co.il/recipes/recipe.aspx?recipeid=1255,www.baba-mail.co.il,web
166,שייק פירות וירקות בריאותי,http://www.baba-mail.co.il/recipes/recipe.aspx?recipeid=1256,www.baba-mail.co.il,web
166,מיץ מלפפון סלרי ותפוח,https://www.newhorizon.co.il/recipe/apple-cucumber-celery-juice/,www.newhorizon.co.il,web
166,מיץ ירקות לניקוי רעלים,https://www.newhorizon.co.il/recipe/detox-vegetables-juice/,www.newhorizon.co.il,web
166,מיץ ירקות לצהריים,https://www.newhorizon.co.il/recipe/vegetables-juice-for-lunch/,www.newhorizon.co.il,web
167,מיץ גזר,https://anatdror.co.il/%d7%9e%d7%99%d7%a5-%d7%92%d7%96%d7%a8/,anatdror.co.il,web
167,"מיץ גזר ,תפוחים וג’ינג’ר",https://foody.co.il/foody_recipe/%d7%9e%d7%99%d7%a5-%d7%92%d7%96%d7%a8-%d7%aa%d7%a4%d7%95%d7%97%d7%99%d7%9d-%d7%95%d7%92%d7%99%d7%a0%d7%92%d7%a8-%d7%a2%d7%9d-%d7%94%d7%a4%d7%aa%d7%a2%d7%94/?auto=1,foody.co.il,web
167,מיץ תפוגזר,https://anatdror.co.il/%d7%9e%d7%99%d7%a5-%d7%aa%d7%a4%d7%95%d7%97-%d7%95%d7%92%d7%96%d7%a8-%d7%aa%d7%a4%d7%95%d7%92%d7%96%d7%a8/,anatdror.co.il,web
167,מיץ תפוגזר,https://www.newhorizon.co.il/recipe/orange-carrot-juice/,www.newhorizon.co.il,web
167,מיץ תפוח ושומר,https://www.newhorizon.co.il/recipe/apple-fennel-juice/,www.newhorizon.co.il,web
167,לימונדה ברזילאית קיצית,https://www.instagram.com/foody_israel/reel/CuMgL0DohzR/,www.instagram.com,social
167,לימונדה טבעית מתפוחים,https://www.newhorizon.co.il/recipe/apple-lemonade/,www.newhorizon.co.il,web
168,"מיץ אדום –סלק ,רימונים , גזר ותפוח",https://www.newhorizon.co.il/recipe/red-juice/,www.newhorizon.co.il,web
168,מיץ סלק גזר תפוח,https://www.newhorizon.co.il/recipe/beet-apple-carrot-juice/,www.newhorizon.co.il,web
168,מיץ רימונים,https://www.newhorizon.co.il/recipe/pomegranate-juice/,www.newhorizon.co.il,web
168,חלום ליל קיץ –אננס תותים תפוז,https://www.newhorizon.co.il/recipe/summer-night-juice/,www.newhorizon.co.il,web
168,מיקס פנטזיה טרופית,https://www.newhorizon.co.il/recipe/tropical-fantasy-juice/,www.newhorizon.co.il,web
168,מיץ פירות יער עשיר,https://www.newhorizon.co.il/recipe/rich-berries-juice/,www.newhorizon.co.il,web
168,מיץ תפוזים וסלק,https://www.newhorizon.co.il/recipe/beet-orange-juice/,www.newhorizon.co.il,web
168,מיץ ענבים,https://www.newhorizon.co.il/recipe/grape-juice/,www.newhorizon.co.il,web
169,מיץ אגסים,https://www.newhorizon.co.il/recipe/pear-juice/,www.newhorizon.co.il,web
169,מיץ מלון עם נגיעות זנגביל,https://www.newhorizon.co.il/recipe/melon-ginger-juice/,www.newhorizon.co.il,web
169,קיווי מקס,https://www.newhorizon.co.il/recipe/kiwi-juice/,www.newhorizon.co.il,web
169,מיץ מנגו טרופי,https://www.newhorizon.co.il/recipe/tropical-mango-juice/,www.newhorizon.co.il,web
170,מים בטעמי פירות אדומים מים בטעמי הדרים מים בטעמי קיץ,https://magazine.shufersal.co.il/%D7%94%D7%9E%D7%92%D7%96%D7%99%D7%9F-%D7%A7%D7%95%D7%9C%D7%99%D7%A0%D7%A8%D7%99/%D7%94%D7%A8%D7%A9%D7%99%D7%9E%D7%95%D7%AA-%D7%A9%D7%9C-%D7%90%D7%9E%D7%90/%D7%A9%D7%95%D7%AA%D7%99%D7%9D-%D7%95%D7%A0%D7%94%D7%A0%D7%99%D7%9D-,magazine.shufersal.co.il,web
"170,171","מים בטעמי אננס , נקטרינה ופטל מים בטעמי אבטיח ,מלון ומנטה מים בטעמי אוכמניות , ענבים ולבנדר","https://xnet.ynet.co.il/articles/0,7340,L-4992400,00.html",xnet.ynet.co.il,web
171,"מים בטעמי לימון ונענע מים בטעמי אוכמניות , קיווי ורוזמרין מים בטעמי תפוח וקינמון מים בטעמי תפוז וג'ינגר מים בטעמי מלפפון , לימון מים בטעמי דובדבן ונענע",https://netacooks.co.il/%D7%9E%D7%99%D7%9D-%D7%91%D7%98%D7%A2%D7%9E%D7%99%D7%9D-6-%D7%9E%D7%AA%D7%9B%D7%95%D7%A0%D7%99%D7%9D-%D7%9C%D7%9E%D7%99%D7%9D-%D7%91%D7%98%D7%A2%D7%9E%D7%99%D7%9D-%D7%91%D7%9C%D7%99-%D7%A7%D7%9C/,netacooks.co.il,web
172,מים בטעמי נענע ותפוזים( עם נענע קפואה),https://www.instagram.com/reel/C4-3ZleI99l/?igsh=MXJ1emtiYjgwOXhpNw%3D%3D,www.instagram.com,social
172,מים בטעמים עם קוביות קרח מרעננות של אוכמניות נענע ולימון,https://www.instagram.com/shufersal_online_tv/reel/Cwe57fAtiJr/,www.instagram.com,social
173,שייק תות בננה ודבש,https://foody.co.il/foody_recipe/%d7%a9%d7%99%d7%99%d7%a7-%d7%aa%d7%95%d7%aa-%d7%91%d7%a0%d7%a0%d7%94-%d7%95%d7%93%d7%91%d7%a9/?auto=1,foody.co.il,web
173,"שייק פירות יער ,סלק ותפוחים",http://www.baba-mail.co.il/recipes/recipe.aspx?recipeid=1257,www.baba-mail.co.il,web
173,גרניטה מנגו ונענע,https://foody.co.il/foody_recipe/%d7%94%d7%a4%d7%a1%d7%a7%d7%94-%d7%9e%d7%a8%d7%a2%d7%a0%d7%a0%d7%aa-%d7%92%d7%a8%d7%a0%d7%99%d7%98%d7%94-%d7%9e%d7%a0%d7%92%d7%95-%d7%95%d7%a0%d7%a2%d7%a0%d7%a2/?auto=1,foody.co.il,web
173,שייק בננה וסילאן,https://foody.co.il/foody_recipe/%d7%a9%d7%99%d7%99%d7%a7-%d7%91%d7%a0%d7%a0%d7%94-%d7%95%d7%a1%d7%99%d7%9c%d7%90%d7%9f/,foody.co.il,web
174,ויסוצקי,https://www.instagram.com/wissotzky/reel/CelZSB5oGDX/,www.instagram.com,social
174,תה נענע גרוס,https://www.instagram.com/reel/C8BuIAmv1u8/?igsh=MTl4eWt1ZGhieDdiNA%3D%3D,www.instagram.com,social
